Accuracy,F1 Score,Train Accuracy,Number of Annotations,damping,preference,Train_type,Classes,Unique Classes
0.2171178561662565,0.07901391133167304,1.0,10,0.75,-180,Random,2,['Standing' 'Walking Forward']
0.2171178561662565,0.07901391133167304,1.0,10,0.75,-180,BvSB,2,['Standing' 'Walking Forward']
0.2171178561662565,0.07901391133167304,1.0,10,0.75,-180,BvSB,2,['Standing' 'Walking Forward']
0.21796276013143484,0.07920584154801023,1.0,15,0.75,-180,BvSB,2,['Standing' 'Walking Forward']
0.21796276013143484,0.07920584154801023,1.0,15,0.75,-180,BvSB,2,['Standing' 'Walking Forward']
0.21935837674801206,0.08507928315800925,1.0,20,0.75,-180,BvSB,4,['Elevator Down' 'Standing' 'Walking Downstairs' 'Walking Forward']
0.21935837674801206,0.08507928315800925,1.0,20,0.75,-180,BvSB,4,['Elevator Down' 'Standing' 'Walking Downstairs' 'Walking Forward']
0.2591982427237781,0.146947433727212,1.0,25,0.75,-180,BvSB,6,"['Elevator Down' 'Standing' 'Walking Downstairs' 'Walking Forward'
 'Walking Left' 'Walking Upstairs']"
0.2591982427237781,0.146947433727212,1.0,25,0.75,-180,BvSB,6,"['Elevator Down' 'Standing' 'Walking Downstairs' 'Walking Forward'
 'Walking Left' 'Walking Upstairs']"
0.345889469342865,0.2636931220928303,1.0,30,0.75,-180,BvSB,7,"['Elevator Down' 'Sleeping' 'Standing' 'Walking Downstairs'
 'Walking Forward' 'Walking Left' 'Walking Upstairs']"
0.345889469342865,0.2636931220928303,1.0,30,0.75,-180,BvSB,7,"['Elevator Down' 'Sleeping' 'Standing' 'Walking Downstairs'
 'Walking Forward' 'Walking Left' 'Walking Upstairs']"
0.36866740088105726,0.2842742923064345,1.0,35,0.75,-180,BvSB,7,"['Elevator Down' 'Sleeping' 'Standing' 'Walking Downstairs'
 'Walking Forward' 'Walking Left' 'Walking Upstairs']"
0.36866740088105726,0.2842742923064345,1.0,35,0.75,-180,BvSB,7,"['Elevator Down' 'Sleeping' 'Standing' 'Walking Downstairs'
 'Walking Forward' 'Walking Left' 'Walking Upstairs']"
0.4014336917562724,0.3060434296565819,1.0,40,0.75,-180,BvSB,7,"['Elevator Down' 'Sleeping' 'Standing' 'Walking Downstairs'
 'Walking Forward' 'Walking Left' 'Walking Upstairs']"
0.4014336917562724,0.3060434296565819,1.0,40,0.75,-180,BvSB,7,"['Elevator Down' 'Sleeping' 'Standing' 'Walking Downstairs'
 'Walking Forward' 'Walking Left' 'Walking Upstairs']"
0.41827719491993376,0.3156739014997381,1.0,45,0.75,-180,BvSB,7,"['Elevator Down' 'Sleeping' 'Standing' 'Walking Downstairs'
 'Walking Forward' 'Walking Left' 'Walking Upstairs']"
0.41827719491993376,0.3156739014997381,1.0,45,0.75,-180,BvSB,7,"['Elevator Down' 'Sleeping' 'Standing' 'Walking Downstairs'
 'Walking Forward' 'Walking Left' 'Walking Upstairs']"
0.47884987558750347,0.3963709523883588,1.0,50,0.75,-180,BvSB,9,"['Elevator Down' 'Jumping Up' 'Sitting' 'Sleeping' 'Standing'
 'Walking Downstairs' 'Walking Forward' 'Walking Left' 'Walking Upstairs']"
0.47884987558750347,0.3963709523883588,1.0,50,0.75,-180,BvSB,9,"['Elevator Down' 'Jumping Up' 'Sitting' 'Sleeping' 'Standing'
 'Walking Downstairs' 'Walking Forward' 'Walking Left' 'Walking Upstairs']"
0.5024916943521595,0.4142757669172265,1.0,55,0.75,-180,BvSB,10,"['Elevator Down' 'Elevator Up' 'Jumping Up' 'Sitting' 'Sleeping'
 'Standing' 'Walking Downstairs' 'Walking Forward' 'Walking Left'
 'Walking Upstairs']"
0.5024916943521595,0.4142757669172265,1.0,55,0.75,-180,BvSB,10,"['Elevator Down' 'Elevator Up' 'Jumping Up' 'Sitting' 'Sleeping'
 'Standing' 'Walking Downstairs' 'Walking Forward' 'Walking Left'
 'Walking Upstairs']"
0.5217632381480455,0.43771250472029044,1.0,60,0.75,-180,BvSB,10,"['Elevator Down' 'Elevator Up' 'Jumping Up' 'Sitting' 'Sleeping'
 'Standing' 'Walking Downstairs' 'Walking Forward' 'Walking Left'
 'Walking Upstairs']"
0.5217632381480455,0.43771250472029044,1.0,60,0.75,-180,BvSB,10,"['Elevator Down' 'Elevator Up' 'Jumping Up' 'Sitting' 'Sleeping'
 'Standing' 'Walking Downstairs' 'Walking Forward' 'Walking Left'
 'Walking Upstairs']"
0.5416435313714603,0.46453713718418016,1.0,65,0.75,-180,BvSB,10,"['Elevator Down' 'Elevator Up' 'Jumping Up' 'Sitting' 'Sleeping'
 'Standing' 'Walking Downstairs' 'Walking Forward' 'Walking Left'
 'Walking Upstairs']"
0.5416435313714603,0.46453713718418016,1.0,65,0.75,-180,BvSB,10,"['Elevator Down' 'Elevator Up' 'Jumping Up' 'Sitting' 'Sleeping'
 'Standing' 'Walking Downstairs' 'Walking Forward' 'Walking Left'
 'Walking Upstairs']"
0.5501807061440089,0.4771127493349234,1.0,70,0.75,-180,BvSB,10,"['Elevator Down' 'Elevator Up' 'Jumping Up' 'Sitting' 'Sleeping'
 'Standing' 'Walking Downstairs' 'Walking Forward' 'Walking Left'
 'Walking Upstairs']"
0.5501807061440089,0.4771127493349234,1.0,70,0.75,-180,BvSB,10,"['Elevator Down' 'Elevator Up' 'Jumping Up' 'Sitting' 'Sleeping'
 'Standing' 'Walking Downstairs' 'Walking Forward' 'Walking Left'
 'Walking Upstairs']"
0.5721046770601337,0.4991152524548729,1.0,75,0.75,-180,BvSB,10,"['Elevator Down' 'Elevator Up' 'Jumping Up' 'Sitting' 'Sleeping'
 'Standing' 'Walking Downstairs' 'Walking Forward' 'Walking Left'
 'Walking Upstairs']"
0.5721046770601337,0.4991152524548729,1.0,75,0.75,-180,BvSB,10,"['Elevator Down' 'Elevator Up' 'Jumping Up' 'Sitting' 'Sleeping'
 'Standing' 'Walking Downstairs' 'Walking Forward' 'Walking Left'
 'Walking Upstairs']"
0.6306105380540842,0.5760448973875738,1.0,80,0.75,-180,BvSB,11,"['Elevator Down' 'Elevator Up' 'Jumping Up' 'Running Forward' 'Sitting'
 'Sleeping' 'Standing' 'Walking Downstairs' 'Walking Forward'
 'Walking Left' 'Walking Upstairs']"
0.6306105380540842,0.5760448973875738,1.0,80,0.75,-180,BvSB,11,"['Elevator Down' 'Elevator Up' 'Jumping Up' 'Running Forward' 'Sitting'
 'Sleeping' 'Standing' 'Walking Downstairs' 'Walking Forward'
 'Walking Left' 'Walking Upstairs']"
0.6393076493579006,0.5855321014339495,1.0,85,0.75,-180,BvSB,11,"['Elevator Down' 'Elevator Up' 'Jumping Up' 'Running Forward' 'Sitting'
 'Sleeping' 'Standing' 'Walking Downstairs' 'Walking Forward'
 'Walking Left' 'Walking Upstairs']"
0.6393076493579006,0.5855321014339495,1.0,85,0.75,-180,BvSB,11,"['Elevator Down' 'Elevator Up' 'Jumping Up' 'Running Forward' 'Sitting'
 'Sleeping' 'Standing' 'Walking Downstairs' 'Walking Forward'
 'Walking Left' 'Walking Upstairs']"
0.6653620352250489,0.6245903368216762,1.0,90,0.75,-180,BvSB,12,"['Elevator Down' 'Elevator Up' 'Jumping Up' 'Running Forward' 'Sitting'
 'Sleeping' 'Standing' 'Walking Downstairs' 'Walking Forward'
 'Walking Left' 'Walking Right' 'Walking Upstairs']"
0.6653620352250489,0.6245903368216762,1.0,90,0.75,-180,BvSB,12,"['Elevator Down' 'Elevator Up' 'Jumping Up' 'Running Forward' 'Sitting'
 'Sleeping' 'Standing' 'Walking Downstairs' 'Walking Forward'
 'Walking Left' 'Walking Right' 'Walking Upstairs']"
0.6732922732362822,0.6346829833986494,1.0,95,0.75,-180,BvSB,12,"['Elevator Down' 'Elevator Up' 'Jumping Up' 'Running Forward' 'Sitting'
 'Sleeping' 'Standing' 'Walking Downstairs' 'Walking Forward'
 'Walking Left' 'Walking Right' 'Walking Upstairs']"
0.6732922732362822,0.6346829833986494,1.0,95,0.75,-180,BvSB,12,"['Elevator Down' 'Elevator Up' 'Jumping Up' 'Running Forward' 'Sitting'
 'Sleeping' 'Standing' 'Walking Downstairs' 'Walking Forward'
 'Walking Left' 'Walking Right' 'Walking Upstairs']"
0.6893748247827306,0.6549339318882461,1.0,100,0.75,-180,BvSB,12,"['Elevator Down' 'Elevator Up' 'Jumping Up' 'Running Forward' 'Sitting'
 'Sleeping' 'Standing' 'Walking Downstairs' 'Walking Forward'
 'Walking Left' 'Walking Right' 'Walking Upstairs']"
0.6893748247827306,0.6549339318882461,1.0,100,0.75,-180,BvSB,12,"['Elevator Down' 'Elevator Up' 'Jumping Up' 'Running Forward' 'Sitting'
 'Sleeping' 'Standing' 'Walking Downstairs' 'Walking Forward'
 'Walking Left' 'Walking Right' 'Walking Upstairs']"
0.6953958450308815,0.6624202683193171,1.0,105,0.75,-180,BvSB,12,"['Elevator Down' 'Elevator Up' 'Jumping Up' 'Running Forward' 'Sitting'
 'Sleeping' 'Standing' 'Walking Downstairs' 'Walking Forward'
 'Walking Left' 'Walking Right' 'Walking Upstairs']"
0.6953958450308815,0.6624202683193171,1.0,105,0.75,-180,BvSB,12,"['Elevator Down' 'Elevator Up' 'Jumping Up' 'Running Forward' 'Sitting'
 'Sleeping' 'Standing' 'Walking Downstairs' 'Walking Forward'
 'Walking Left' 'Walking Right' 'Walking Upstairs']"
0.7312341861118921,0.7158653529973932,1.0,110,0.75,-180,BvSB,12,"['Elevator Down' 'Elevator Up' 'Jumping Up' 'Running Forward' 'Sitting'
 'Sleeping' 'Standing' 'Walking Downstairs' 'Walking Forward'
 'Walking Left' 'Walking Right' 'Walking Upstairs']"
0.7312341861118921,0.7158653529973932,1.0,110,0.75,-180,BvSB,12,"['Elevator Down' 'Elevator Up' 'Jumping Up' 'Running Forward' 'Sitting'
 'Sleeping' 'Standing' 'Walking Downstairs' 'Walking Forward'
 'Walking Left' 'Walking Right' 'Walking Upstairs']"
0.7308558558558559,0.7180233204791007,1.0,115,0.75,-180,BvSB,12,"['Elevator Down' 'Elevator Up' 'Jumping Up' 'Running Forward' 'Sitting'
 'Sleeping' 'Standing' 'Walking Downstairs' 'Walking Forward'
 'Walking Left' 'Walking Right' 'Walking Upstairs']"
0.7308558558558559,0.7180233204791007,1.0,115,0.75,-180,BvSB,12,"['Elevator Down' 'Elevator Up' 'Jumping Up' 'Running Forward' 'Sitting'
 'Sleeping' 'Standing' 'Walking Downstairs' 'Walking Forward'
 'Walking Left' 'Walking Right' 'Walking Upstairs']"
0.7352692416126304,0.7256458089500424,1.0,120,0.75,-180,BvSB,12,"['Elevator Down' 'Elevator Up' 'Jumping Up' 'Running Forward' 'Sitting'
 'Sleeping' 'Standing' 'Walking Downstairs' 'Walking Forward'
 'Walking Left' 'Walking Right' 'Walking Upstairs']"
0.7352692416126304,0.7256458089500424,1.0,120,0.75,-180,BvSB,12,"['Elevator Down' 'Elevator Up' 'Jumping Up' 'Running Forward' 'Sitting'
 'Sleeping' 'Standing' 'Walking Downstairs' 'Walking Forward'
 'Walking Left' 'Walking Right' 'Walking Upstairs']"
0.7394127611518916,0.7301132501308163,1.0,125,0.75,-180,BvSB,12,"['Elevator Down' 'Elevator Up' 'Jumping Up' 'Running Forward' 'Sitting'
 'Sleeping' 'Standing' 'Walking Downstairs' 'Walking Forward'
 'Walking Left' 'Walking Right' 'Walking Upstairs']"
0.7394127611518916,0.7301132501308163,1.0,125,0.75,-180,BvSB,12,"['Elevator Down' 'Elevator Up' 'Jumping Up' 'Running Forward' 'Sitting'
 'Sleeping' 'Standing' 'Walking Downstairs' 'Walking Forward'
 'Walking Left' 'Walking Right' 'Walking Upstairs']"
0.7480916030534351,0.7428916496326372,0.9923076923076923,130,0.75,-180,BvSB,12,"['Elevator Down' 'Elevator Up' 'Jumping Up' 'Running Forward' 'Sitting'
 'Sleeping' 'Standing' 'Walking Downstairs' 'Walking Forward'
 'Walking Left' 'Walking Right' 'Walking Upstairs']"
0.7480916030534351,0.7428916496326372,0.9923076923076923,130,0.75,-180,BvSB,12,"['Elevator Down' 'Elevator Up' 'Jumping Up' 'Running Forward' 'Sitting'
 'Sleeping' 'Standing' 'Walking Downstairs' 'Walking Forward'
 'Walking Left' 'Walking Right' 'Walking Upstairs']"
0.7548131370328426,0.7516821820006707,0.9925925925925926,135,0.75,-180,BvSB,12,"['Elevator Down' 'Elevator Up' 'Jumping Up' 'Running Forward' 'Sitting'
 'Sleeping' 'Standing' 'Walking Downstairs' 'Walking Forward'
 'Walking Left' 'Walking Right' 'Walking Upstairs']"
0.7548131370328426,0.7516821820006707,0.9925925925925926,135,0.75,-180,BvSB,12,"['Elevator Down' 'Elevator Up' 'Jumping Up' 'Running Forward' 'Sitting'
 'Sleeping' 'Standing' 'Walking Downstairs' 'Walking Forward'
 'Walking Left' 'Walking Right' 'Walking Upstairs']"
0.7561667139211795,0.7531366308722307,0.9785714285714285,140,0.75,-180,BvSB,12,"['Elevator Down' 'Elevator Up' 'Jumping Up' 'Running Forward' 'Sitting'
 'Sleeping' 'Standing' 'Walking Downstairs' 'Walking Forward'
 'Walking Left' 'Walking Right' 'Walking Upstairs']"
0.7561667139211795,0.7531366308722307,0.9785714285714285,140,0.75,-180,BvSB,12,"['Elevator Down' 'Elevator Up' 'Jumping Up' 'Running Forward' 'Sitting'
 'Sleeping' 'Standing' 'Walking Downstairs' 'Walking Forward'
 'Walking Left' 'Walking Right' 'Walking Upstairs']"
0.7552526973310619,0.7518008816744874,0.9724137931034482,145,0.75,-180,BvSB,12,"['Elevator Down' 'Elevator Up' 'Jumping Up' 'Running Forward' 'Sitting'
 'Sleeping' 'Standing' 'Walking Downstairs' 'Walking Forward'
 'Walking Left' 'Walking Right' 'Walking Upstairs']"
0.7552526973310619,0.7518008816744874,0.9724137931034482,145,0.75,-180,BvSB,12,"['Elevator Down' 'Elevator Up' 'Jumping Up' 'Running Forward' 'Sitting'
 'Sleeping' 'Standing' 'Walking Downstairs' 'Walking Forward'
 'Walking Left' 'Walking Right' 'Walking Upstairs']"
0.7654250781916406,0.7619674236108254,0.9733333333333334,150,0.75,-180,BvSB,12,"['Elevator Down' 'Elevator Up' 'Jumping Up' 'Running Forward' 'Sitting'
 'Sleeping' 'Standing' 'Walking Downstairs' 'Walking Forward'
 'Walking Left' 'Walking Right' 'Walking Upstairs']"
0.7654250781916406,0.7619674236108254,0.9733333333333334,150,0.75,-180,BvSB,12,"['Elevator Down' 'Elevator Up' 'Jumping Up' 'Running Forward' 'Sitting'
 'Sleeping' 'Standing' 'Walking Downstairs' 'Walking Forward'
 'Walking Left' 'Walking Right' 'Walking Upstairs']"
0.7633826879271071,0.7609769290508263,0.967741935483871,155,0.75,-180,BvSB,12,"['Elevator Down' 'Elevator Up' 'Jumping Up' 'Running Forward' 'Sitting'
 'Sleeping' 'Standing' 'Walking Downstairs' 'Walking Forward'
 'Walking Left' 'Walking Right' 'Walking Upstairs']"
0.7633826879271071,0.7609769290508263,0.967741935483871,155,0.75,-180,BvSB,12,"['Elevator Down' 'Elevator Up' 'Jumping Up' 'Running Forward' 'Sitting'
 'Sleeping' 'Standing' 'Walking Downstairs' 'Walking Forward'
 'Walking Left' 'Walking Right' 'Walking Upstairs']"
0.7630453378956373,0.759808376456037,0.96875,160,0.75,-180,BvSB,12,"['Elevator Down' 'Elevator Up' 'Jumping Up' 'Running Forward' 'Sitting'
 'Sleeping' 'Standing' 'Walking Downstairs' 'Walking Forward'
 'Walking Left' 'Walking Right' 'Walking Upstairs']"
0.7630453378956373,0.759808376456037,0.96875,160,0.75,-180,BvSB,12,"['Elevator Down' 'Elevator Up' 'Jumping Up' 'Running Forward' 'Sitting'
 'Sleeping' 'Standing' 'Walking Downstairs' 'Walking Forward'
 'Walking Left' 'Walking Right' 'Walking Upstairs']"
0.7701313535122787,0.7663290176087472,0.9636363636363636,165,0.75,-180,BvSB,12,"['Elevator Down' 'Elevator Up' 'Jumping Up' 'Running Forward' 'Sitting'
 'Sleeping' 'Standing' 'Walking Downstairs' 'Walking Forward'
 'Walking Left' 'Walking Right' 'Walking Upstairs']"
0.7701313535122787,0.7663290176087472,0.9636363636363636,165,0.75,-180,BvSB,12,"['Elevator Down' 'Elevator Up' 'Jumping Up' 'Running Forward' 'Sitting'
 'Sleeping' 'Standing' 'Walking Downstairs' 'Walking Forward'
 'Walking Left' 'Walking Right' 'Walking Upstairs']"
0.768658850443237,0.7636075772943134,0.9588235294117647,170,0.75,-180,BvSB,12,"['Elevator Down' 'Elevator Up' 'Jumping Up' 'Running Forward' 'Sitting'
 'Sleeping' 'Standing' 'Walking Downstairs' 'Walking Forward'
 'Walking Left' 'Walking Right' 'Walking Upstairs']"
0.768658850443237,0.7636075772943134,0.9588235294117647,170,0.75,-180,BvSB,12,"['Elevator Down' 'Elevator Up' 'Jumping Up' 'Running Forward' 'Sitting'
 'Sleeping' 'Standing' 'Walking Downstairs' 'Walking Forward'
 'Walking Left' 'Walking Right' 'Walking Upstairs']"
0.7717640320733105,0.7687135919168331,0.9657142857142857,175,0.75,-180,BvSB,12,"['Elevator Down' 'Elevator Up' 'Jumping Up' 'Running Forward' 'Sitting'
 'Sleeping' 'Standing' 'Walking Downstairs' 'Walking Forward'
 'Walking Left' 'Walking Right' 'Walking Upstairs']"
0.7717640320733105,0.7687135919168331,0.9657142857142857,175,0.75,-180,BvSB,12,"['Elevator Down' 'Elevator Up' 'Jumping Up' 'Running Forward' 'Sitting'
 'Sleeping' 'Standing' 'Walking Downstairs' 'Walking Forward'
 'Walking Left' 'Walking Right' 'Walking Upstairs']"
0.7682821909951247,0.7618528638848784,0.9611111111111111,180,0.75,-180,BvSB,12,"['Elevator Down' 'Elevator Up' 'Jumping Up' 'Running Forward' 'Sitting'
 'Sleeping' 'Standing' 'Walking Downstairs' 'Walking Forward'
 'Walking Left' 'Walking Right' 'Walking Upstairs']"
0.7682821909951247,0.7618528638848784,0.9611111111111111,180,0.75,-180,BvSB,12,"['Elevator Down' 'Elevator Up' 'Jumping Up' 'Running Forward' 'Sitting'
 'Sleeping' 'Standing' 'Walking Downstairs' 'Walking Forward'
 'Walking Left' 'Walking Right' 'Walking Upstairs']"
0.776852383687536,0.7705296936381851,0.9621621621621622,185,0.75,-180,BvSB,12,"['Elevator Down' 'Elevator Up' 'Jumping Up' 'Running Forward' 'Sitting'
 'Sleeping' 'Standing' 'Walking Downstairs' 'Walking Forward'
 'Walking Left' 'Walking Right' 'Walking Upstairs']"
0.776852383687536,0.7705296936381851,0.9621621621621622,185,0.75,-180,BvSB,12,"['Elevator Down' 'Elevator Up' 'Jumping Up' 'Running Forward' 'Sitting'
 'Sleeping' 'Standing' 'Walking Downstairs' 'Walking Forward'
 'Walking Left' 'Walking Right' 'Walking Upstairs']"
0.7638769053781996,0.7594769321073145,0.9578947368421052,190,0.75,-180,BvSB,12,"['Elevator Down' 'Elevator Up' 'Jumping Up' 'Running Forward' 'Sitting'
 'Sleeping' 'Standing' 'Walking Downstairs' 'Walking Forward'
 'Walking Left' 'Walking Right' 'Walking Upstairs']"
0.7638769053781996,0.7594769321073145,0.9578947368421052,190,0.75,-180,BvSB,12,"['Elevator Down' 'Elevator Up' 'Jumping Up' 'Running Forward' 'Sitting'
 'Sleeping' 'Standing' 'Walking Downstairs' 'Walking Forward'
 'Walking Left' 'Walking Right' 'Walking Upstairs']"
0.7646889400921659,0.7603740563300229,0.9538461538461539,195,0.75,-180,BvSB,12,"['Elevator Down' 'Elevator Up' 'Jumping Up' 'Running Forward' 'Sitting'
 'Sleeping' 'Standing' 'Walking Downstairs' 'Walking Forward'
 'Walking Left' 'Walking Right' 'Walking Upstairs']"
0.7646889400921659,0.7603740563300229,0.9538461538461539,195,0.75,-180,BvSB,12,"['Elevator Down' 'Elevator Up' 'Jumping Up' 'Running Forward' 'Sitting'
 'Sleeping' 'Standing' 'Walking Downstairs' 'Walking Forward'
 'Walking Left' 'Walking Right' 'Walking Upstairs']"
0.7712719930775886,0.7691465546985355,0.96,200,0.75,-180,BvSB,12,"['Elevator Down' 'Elevator Up' 'Jumping Up' 'Running Forward' 'Sitting'
 'Sleeping' 'Standing' 'Walking Downstairs' 'Walking Forward'
 'Walking Left' 'Walking Right' 'Walking Upstairs']"
0.7712719930775886,0.7691465546985355,0.96,200,0.75,-180,BvSB,12,"['Elevator Down' 'Elevator Up' 'Jumping Up' 'Running Forward' 'Sitting'
 'Sleeping' 'Standing' 'Walking Downstairs' 'Walking Forward'
 'Walking Left' 'Walking Right' 'Walking Upstairs']"
0.7775852108607741,0.7765559564562936,0.9365853658536586,205,0.75,-180,BvSB,12,"['Elevator Down' 'Elevator Up' 'Jumping Up' 'Running Forward' 'Sitting'
 'Sleeping' 'Standing' 'Walking Downstairs' 'Walking Forward'
 'Walking Left' 'Walking Right' 'Walking Upstairs']"
0.7775852108607741,0.7765559564562936,0.9365853658536586,205,0.75,-180,BvSB,12,"['Elevator Down' 'Elevator Up' 'Jumping Up' 'Running Forward' 'Sitting'
 'Sleeping' 'Standing' 'Walking Downstairs' 'Walking Forward'
 'Walking Left' 'Walking Right' 'Walking Upstairs']"
0.7824703500144634,0.7808501779872826,0.9380952380952381,210,0.75,-180,BvSB,12,"['Elevator Down' 'Elevator Up' 'Jumping Up' 'Running Forward' 'Sitting'
 'Sleeping' 'Standing' 'Walking Downstairs' 'Walking Forward'
 'Walking Left' 'Walking Right' 'Walking Upstairs']"
0.7824703500144634,0.7808501779872826,0.9380952380952381,210,0.75,-180,BvSB,12,"['Elevator Down' 'Elevator Up' 'Jumping Up' 'Running Forward' 'Sitting'
 'Sleeping' 'Standing' 'Walking Downstairs' 'Walking Forward'
 'Walking Left' 'Walking Right' 'Walking Upstairs']"
0.7714368482039398,0.769311882042501,0.9441860465116279,215,0.75,-180,BvSB,12,"['Elevator Down' 'Elevator Up' 'Jumping Up' 'Running Forward' 'Sitting'
 'Sleeping' 'Standing' 'Walking Downstairs' 'Walking Forward'
 'Walking Left' 'Walking Right' 'Walking Upstairs']"
0.7714368482039398,0.769311882042501,0.9441860465116279,215,0.75,-180,BvSB,12,"['Elevator Down' 'Elevator Up' 'Jumping Up' 'Running Forward' 'Sitting'
 'Sleeping' 'Standing' 'Walking Downstairs' 'Walking Forward'
 'Walking Left' 'Walking Right' 'Walking Upstairs']"
0.769944879605454,0.7694892581343133,0.9454545454545454,220,0.75,-180,BvSB,12,"['Elevator Down' 'Elevator Up' 'Jumping Up' 'Running Forward' 'Sitting'
 'Sleeping' 'Standing' 'Walking Downstairs' 'Walking Forward'
 'Walking Left' 'Walking Right' 'Walking Upstairs']"
0.769944879605454,0.7694892581343133,0.9454545454545454,220,0.75,-180,BvSB,12,"['Elevator Down' 'Elevator Up' 'Jumping Up' 'Running Forward' 'Sitting'
 'Sleeping' 'Standing' 'Walking Downstairs' 'Walking Forward'
 'Walking Left' 'Walking Right' 'Walking Upstairs']"
0.7800697269029634,0.780282152883686,0.9422222222222222,225,0.75,-180,BvSB,12,"['Elevator Down' 'Elevator Up' 'Jumping Up' 'Running Forward' 'Sitting'
 'Sleeping' 'Standing' 'Walking Downstairs' 'Walking Forward'
 'Walking Left' 'Walking Right' 'Walking Upstairs']"
0.7800697269029634,0.780282152883686,0.9422222222222222,225,0.75,-180,BvSB,12,"['Elevator Down' 'Elevator Up' 'Jumping Up' 'Running Forward' 'Sitting'
 'Sleeping' 'Standing' 'Walking Downstairs' 'Walking Forward'
 'Walking Left' 'Walking Right' 'Walking Upstairs']"
0.7931335466977015,0.7926549807145821,0.9347826086956522,230,0.75,-180,BvSB,12,"['Elevator Down' 'Elevator Up' 'Jumping Up' 'Running Forward' 'Sitting'
 'Sleeping' 'Standing' 'Walking Downstairs' 'Walking Forward'
 'Walking Left' 'Walking Right' 'Walking Upstairs']"
0.7931335466977015,0.7926549807145821,0.9347826086956522,230,0.75,-180,BvSB,12,"['Elevator Down' 'Elevator Up' 'Jumping Up' 'Running Forward' 'Sitting'
 'Sleeping' 'Standing' 'Walking Downstairs' 'Walking Forward'
 'Walking Left' 'Walking Right' 'Walking Upstairs']"
0.8036130536130536,0.8033231202894519,0.9361702127659575,235,0.75,-180,BvSB,12,"['Elevator Down' 'Elevator Up' 'Jumping Up' 'Running Forward' 'Sitting'
 'Sleeping' 'Standing' 'Walking Downstairs' 'Walking Forward'
 'Walking Left' 'Walking Right' 'Walking Upstairs']"
0.8036130536130536,0.8033231202894519,0.9361702127659575,235,0.75,-180,BvSB,12,"['Elevator Down' 'Elevator Up' 'Jumping Up' 'Running Forward' 'Sitting'
 'Sleeping' 'Standing' 'Walking Downstairs' 'Walking Forward'
 'Walking Left' 'Walking Right' 'Walking Upstairs']"
0.8100379340531076,0.8102276087552581,0.9375,240,0.75,-180,BvSB,12,"['Elevator Down' 'Elevator Up' 'Jumping Up' 'Running Forward' 'Sitting'
 'Sleeping' 'Standing' 'Walking Downstairs' 'Walking Forward'
 'Walking Left' 'Walking Right' 'Walking Upstairs']"
0.8100379340531076,0.8102276087552581,0.9375,240,0.75,-180,BvSB,12,"['Elevator Down' 'Elevator Up' 'Jumping Up' 'Running Forward' 'Sitting'
 'Sleeping' 'Standing' 'Walking Downstairs' 'Walking Forward'
 'Walking Left' 'Walking Right' 'Walking Upstairs']"
0.8158971361776739,0.8163800183412112,0.9469387755102041,245,0.75,-180,BvSB,12,"['Elevator Down' 'Elevator Up' 'Jumping Up' 'Running Forward' 'Sitting'
 'Sleeping' 'Standing' 'Walking Downstairs' 'Walking Forward'
 'Walking Left' 'Walking Right' 'Walking Upstairs']"
0.8158971361776739,0.8163800183412112,0.9469387755102041,245,0.75,-180,BvSB,12,"['Elevator Down' 'Elevator Up' 'Jumping Up' 'Running Forward' 'Sitting'
 'Sleeping' 'Standing' 'Walking Downstairs' 'Walking Forward'
 'Walking Left' 'Walking Right' 'Walking Upstairs']"
0.8241147205150717,0.8232298567870575,0.94,250,0.75,-180,BvSB,12,"['Elevator Down' 'Elevator Up' 'Jumping Up' 'Running Forward' 'Sitting'
 'Sleeping' 'Standing' 'Walking Downstairs' 'Walking Forward'
 'Walking Left' 'Walking Right' 'Walking Upstairs']"
0.8241147205150717,0.8232298567870575,0.94,250,0.75,-180,BvSB,12,"['Elevator Down' 'Elevator Up' 'Jumping Up' 'Running Forward' 'Sitting'
 'Sleeping' 'Standing' 'Walking Downstairs' 'Walking Forward'
 'Walking Left' 'Walking Right' 'Walking Upstairs']"
0.828253223915592,0.8269753873765531,0.9215686274509803,255,0.75,-180,BvSB,12,"['Elevator Down' 'Elevator Up' 'Jumping Up' 'Running Forward' 'Sitting'
 'Sleeping' 'Standing' 'Walking Downstairs' 'Walking Forward'
 'Walking Left' 'Walking Right' 'Walking Upstairs']"
0.828253223915592,0.8269753873765531,0.9215686274509803,255,0.75,-180,BvSB,12,"['Elevator Down' 'Elevator Up' 'Jumping Up' 'Running Forward' 'Sitting'
 'Sleeping' 'Standing' 'Walking Downstairs' 'Walking Forward'
 'Walking Left' 'Walking Right' 'Walking Upstairs']"
0.8300557675374229,0.8287317345606762,0.9230769230769231,260,0.75,-180,BvSB,12,"['Elevator Down' 'Elevator Up' 'Jumping Up' 'Running Forward' 'Sitting'
 'Sleeping' 'Standing' 'Walking Downstairs' 'Walking Forward'
 'Walking Left' 'Walking Right' 'Walking Upstairs']"
0.8300557675374229,0.8287317345606762,0.9230769230769231,260,0.75,-180,BvSB,12,"['Elevator Down' 'Elevator Up' 'Jumping Up' 'Running Forward' 'Sitting'
 'Sleeping' 'Standing' 'Walking Downstairs' 'Walking Forward'
 'Walking Left' 'Walking Right' 'Walking Upstairs']"
0.8303938859494415,0.8277802307459068,0.9169811320754717,265,0.75,-180,BvSB,12,"['Elevator Down' 'Elevator Up' 'Jumping Up' 'Running Forward' 'Sitting'
 'Sleeping' 'Standing' 'Walking Downstairs' 'Walking Forward'
 'Walking Left' 'Walking Right' 'Walking Upstairs']"
0.8303938859494415,0.8277802307459068,0.9169811320754717,265,0.75,-180,BvSB,12,"['Elevator Down' 'Elevator Up' 'Jumping Up' 'Running Forward' 'Sitting'
 'Sleeping' 'Standing' 'Walking Downstairs' 'Walking Forward'
 'Walking Left' 'Walking Right' 'Walking Upstairs']"
0.8395643214601118,0.8367129538682097,0.9185185185185185,270,0.75,-180,BvSB,12,"['Elevator Down' 'Elevator Up' 'Jumping Up' 'Running Forward' 'Sitting'
 'Sleeping' 'Standing' 'Walking Downstairs' 'Walking Forward'
 'Walking Left' 'Walking Right' 'Walking Upstairs']"
0.8395643214601118,0.8367129538682097,0.9185185185185185,270,0.75,-180,BvSB,12,"['Elevator Down' 'Elevator Up' 'Jumping Up' 'Running Forward' 'Sitting'
 'Sleeping' 'Standing' 'Walking Downstairs' 'Walking Forward'
 'Walking Left' 'Walking Right' 'Walking Upstairs']"
0.8390330188679245,0.8368129824434676,0.92,275,0.75,-180,BvSB,12,"['Elevator Down' 'Elevator Up' 'Jumping Up' 'Running Forward' 'Sitting'
 'Sleeping' 'Standing' 'Walking Downstairs' 'Walking Forward'
 'Walking Left' 'Walking Right' 'Walking Upstairs']"
0.8390330188679245,0.8368129824434676,0.92,275,0.75,-180,BvSB,12,"['Elevator Down' 'Elevator Up' 'Jumping Up' 'Running Forward' 'Sitting'
 'Sleeping' 'Standing' 'Walking Downstairs' 'Walking Forward'
 'Walking Left' 'Walking Right' 'Walking Upstairs']"
0.8379096545615589,0.8367155002683851,0.9107142857142857,280,0.75,-180,BvSB,12,"['Elevator Down' 'Elevator Up' 'Jumping Up' 'Running Forward' 'Sitting'
 'Sleeping' 'Standing' 'Walking Downstairs' 'Walking Forward'
 'Walking Left' 'Walking Right' 'Walking Upstairs']"
0.8379096545615589,0.8367155002683851,0.9107142857142857,280,0.75,-180,BvSB,12,"['Elevator Down' 'Elevator Up' 'Jumping Up' 'Running Forward' 'Sitting'
 'Sleeping' 'Standing' 'Walking Downstairs' 'Walking Forward'
 'Walking Left' 'Walking Right' 'Walking Upstairs']"
0.8426966292134831,0.84067904479012,0.9192982456140351,285,0.75,-180,BvSB,12,"['Elevator Down' 'Elevator Up' 'Jumping Up' 'Running Forward' 'Sitting'
 'Sleeping' 'Standing' 'Walking Downstairs' 'Walking Forward'
 'Walking Left' 'Walking Right' 'Walking Upstairs']"
0.8426966292134831,0.84067904479012,0.9192982456140351,285,0.75,-180,BvSB,12,"['Elevator Down' 'Elevator Up' 'Jumping Up' 'Running Forward' 'Sitting'
 'Sleeping' 'Standing' 'Walking Downstairs' 'Walking Forward'
 'Walking Left' 'Walking Right' 'Walking Upstairs']"
0.8469055374592834,0.8457693912862876,0.9206896551724137,290,0.75,-180,BvSB,12,"['Elevator Down' 'Elevator Up' 'Jumping Up' 'Running Forward' 'Sitting'
 'Sleeping' 'Standing' 'Walking Downstairs' 'Walking Forward'
 'Walking Left' 'Walking Right' 'Walking Upstairs']"
0.8469055374592834,0.8457693912862876,0.9206896551724137,290,0.75,-180,BvSB,12,"['Elevator Down' 'Elevator Up' 'Jumping Up' 'Running Forward' 'Sitting'
 'Sleeping' 'Standing' 'Walking Downstairs' 'Walking Forward'
 'Walking Left' 'Walking Right' 'Walking Upstairs']"
0.8526097271648873,0.851362864569764,0.9186440677966101,295,0.75,-180,BvSB,12,"['Elevator Down' 'Elevator Up' 'Jumping Up' 'Running Forward' 'Sitting'
 'Sleeping' 'Standing' 'Walking Downstairs' 'Walking Forward'
 'Walking Left' 'Walking Right' 'Walking Upstairs']"
0.8526097271648873,0.851362864569764,0.9186440677966101,295,0.75,-180,BvSB,12,"['Elevator Down' 'Elevator Up' 'Jumping Up' 'Running Forward' 'Sitting'
 'Sleeping' 'Standing' 'Walking Downstairs' 'Walking Forward'
 'Walking Left' 'Walking Right' 'Walking Upstairs']"
0.8529848529848529,0.8515528000375867,0.9166666666666666,300,0.75,-180,BvSB,12,"['Elevator Down' 'Elevator Up' 'Jumping Up' 'Running Forward' 'Sitting'
 'Sleeping' 'Standing' 'Walking Downstairs' 'Walking Forward'
 'Walking Left' 'Walking Right' 'Walking Upstairs']"
0.8529848529848529,0.8515528000375867,0.9166666666666666,300,0.75,-180,BvSB,12,"['Elevator Down' 'Elevator Up' 'Jumping Up' 'Running Forward' 'Sitting'
 'Sleeping' 'Standing' 'Walking Downstairs' 'Walking Forward'
 'Walking Left' 'Walking Right' 'Walking Upstairs']"
0.8518738845925045,0.8522349246331327,0.9147540983606557,305,0.75,-180,BvSB,12,"['Elevator Down' 'Elevator Up' 'Jumping Up' 'Running Forward' 'Sitting'
 'Sleeping' 'Standing' 'Walking Downstairs' 'Walking Forward'
 'Walking Left' 'Walking Right' 'Walking Upstairs']"
0.8518738845925045,0.8522349246331327,0.9147540983606557,305,0.75,-180,BvSB,12,"['Elevator Down' 'Elevator Up' 'Jumping Up' 'Running Forward' 'Sitting'
 'Sleeping' 'Standing' 'Walking Downstairs' 'Walking Forward'
 'Walking Left' 'Walking Right' 'Walking Upstairs']"
0.8546321120047662,0.8543035509356923,0.9193548387096774,310,0.75,-180,BvSB,12,"['Elevator Down' 'Elevator Up' 'Jumping Up' 'Running Forward' 'Sitting'
 'Sleeping' 'Standing' 'Walking Downstairs' 'Walking Forward'
 'Walking Left' 'Walking Right' 'Walking Upstairs']"
0.8546321120047662,0.8543035509356923,0.9193548387096774,310,0.75,-180,BvSB,12,"['Elevator Down' 'Elevator Up' 'Jumping Up' 'Running Forward' 'Sitting'
 'Sleeping' 'Standing' 'Walking Downstairs' 'Walking Forward'
 'Walking Left' 'Walking Right' 'Walking Upstairs']"
0.8568019093078759,0.8562246337054064,0.9238095238095239,315,0.75,-180,BvSB,12,"['Elevator Down' 'Elevator Up' 'Jumping Up' 'Running Forward' 'Sitting'
 'Sleeping' 'Standing' 'Walking Downstairs' 'Walking Forward'
 'Walking Left' 'Walking Right' 'Walking Upstairs']"
0.8568019093078759,0.8562246337054064,0.9238095238095239,315,0.75,-180,BvSB,12,"['Elevator Down' 'Elevator Up' 'Jumping Up' 'Running Forward' 'Sitting'
 'Sleeping' 'Standing' 'Walking Downstairs' 'Walking Forward'
 'Walking Left' 'Walking Right' 'Walking Upstairs']"
0.8571855392889155,0.8565518465328235,0.909375,320,0.75,-180,BvSB,12,"['Elevator Down' 'Elevator Up' 'Jumping Up' 'Running Forward' 'Sitting'
 'Sleeping' 'Standing' 'Walking Downstairs' 'Walking Forward'
 'Walking Left' 'Walking Right' 'Walking Upstairs']"
0.8571855392889155,0.8565518465328235,0.909375,320,0.75,-180,BvSB,12,"['Elevator Down' 'Elevator Up' 'Jumping Up' 'Running Forward' 'Sitting'
 'Sleeping' 'Standing' 'Walking Downstairs' 'Walking Forward'
 'Walking Left' 'Walking Right' 'Walking Upstairs']"
0.860263315380012,0.8595501114078256,0.9107692307692308,325,0.75,-180,BvSB,12,"['Elevator Down' 'Elevator Up' 'Jumping Up' 'Running Forward' 'Sitting'
 'Sleeping' 'Standing' 'Walking Downstairs' 'Walking Forward'
 'Walking Left' 'Walking Right' 'Walking Upstairs']"
0.860263315380012,0.8595501114078256,0.9107692307692308,325,0.75,-180,BvSB,12,"['Elevator Down' 'Elevator Up' 'Jumping Up' 'Running Forward' 'Sitting'
 'Sleeping' 'Standing' 'Walking Downstairs' 'Walking Forward'
 'Walking Left' 'Walking Right' 'Walking Upstairs']"
0.8603536110278693,0.8597371675500876,0.9090909090909091,330,0.75,-180,BvSB,12,"['Elevator Down' 'Elevator Up' 'Jumping Up' 'Running Forward' 'Sitting'
 'Sleeping' 'Standing' 'Walking Downstairs' 'Walking Forward'
 'Walking Left' 'Walking Right' 'Walking Upstairs']"
0.8603536110278693,0.8597371675500876,0.9090909090909091,330,0.75,-180,BvSB,12,"['Elevator Down' 'Elevator Up' 'Jumping Up' 'Running Forward' 'Sitting'
 'Sleeping' 'Standing' 'Walking Downstairs' 'Walking Forward'
 'Walking Left' 'Walking Right' 'Walking Upstairs']"
0.8577430972388955,0.8570361075144619,0.8955223880597015,335,0.75,-180,BvSB,12,"['Elevator Down' 'Elevator Up' 'Jumping Up' 'Running Forward' 'Sitting'
 'Sleeping' 'Standing' 'Walking Downstairs' 'Walking Forward'
 'Walking Left' 'Walking Right' 'Walking Upstairs']"
0.8577430972388955,0.8570361075144619,0.8955223880597015,335,0.75,-180,BvSB,12,"['Elevator Down' 'Elevator Up' 'Jumping Up' 'Running Forward' 'Sitting'
 'Sleeping' 'Standing' 'Walking Downstairs' 'Walking Forward'
 'Walking Left' 'Walking Right' 'Walking Upstairs']"
0.8635407273820258,0.8625501052451207,0.9029411764705882,340,0.75,-180,BvSB,12,"['Elevator Down' 'Elevator Up' 'Jumping Up' 'Running Forward' 'Sitting'
 'Sleeping' 'Standing' 'Walking Downstairs' 'Walking Forward'
 'Walking Left' 'Walking Right' 'Walking Upstairs']"
0.8635407273820258,0.8625501052451207,0.9029411764705882,340,0.75,-180,BvSB,12,"['Elevator Down' 'Elevator Up' 'Jumping Up' 'Running Forward' 'Sitting'
 'Sleeping' 'Standing' 'Walking Downstairs' 'Walking Forward'
 'Walking Left' 'Walking Right' 'Walking Upstairs']"
0.8642384105960265,0.8627932076420867,0.9072463768115943,345,0.75,-180,BvSB,12,"['Elevator Down' 'Elevator Up' 'Jumping Up' 'Running Forward' 'Sitting'
 'Sleeping' 'Standing' 'Walking Downstairs' 'Walking Forward'
 'Walking Left' 'Walking Right' 'Walking Upstairs']"
0.8642384105960265,0.8627932076420867,0.9072463768115943,345,0.75,-180,BvSB,12,"['Elevator Down' 'Elevator Up' 'Jumping Up' 'Running Forward' 'Sitting'
 'Sleeping' 'Standing' 'Walking Downstairs' 'Walking Forward'
 'Walking Left' 'Walking Right' 'Walking Upstairs']"
0.8682544467892674,0.8674251559230008,0.9057142857142857,350,0.75,-180,BvSB,12,"['Elevator Down' 'Elevator Up' 'Jumping Up' 'Running Forward' 'Sitting'
 'Sleeping' 'Standing' 'Walking Downstairs' 'Walking Forward'
 'Walking Left' 'Walking Right' 'Walking Upstairs']"
0.8682544467892674,0.8674251559230008,0.9057142857142857,350,0.75,-180,BvSB,12,"['Elevator Down' 'Elevator Up' 'Jumping Up' 'Running Forward' 'Sitting'
 'Sleeping' 'Standing' 'Walking Downstairs' 'Walking Forward'
 'Walking Left' 'Walking Right' 'Walking Upstairs']"
0.8753019323671497,0.8735531751932367,0.895774647887324,355,0.75,-180,BvSB,12,"['Elevator Down' 'Elevator Up' 'Jumping Up' 'Running Forward' 'Sitting'
 'Sleeping' 'Standing' 'Walking Downstairs' 'Walking Forward'
 'Walking Left' 'Walking Right' 'Walking Upstairs']"
0.8753019323671497,0.8735531751932367,0.895774647887324,355,0.75,-180,BvSB,12,"['Elevator Down' 'Elevator Up' 'Jumping Up' 'Running Forward' 'Sitting'
 'Sleeping' 'Standing' 'Walking Downstairs' 'Walking Forward'
 'Walking Left' 'Walking Right' 'Walking Upstairs']"
0.8757181735712126,0.8743892373098308,0.9,360,0.75,-180,BvSB,12,"['Elevator Down' 'Elevator Up' 'Jumping Up' 'Running Forward' 'Sitting'
 'Sleeping' 'Standing' 'Walking Downstairs' 'Walking Forward'
 'Walking Left' 'Walking Right' 'Walking Upstairs']"
0.8757181735712126,0.8743892373098308,0.9,360,0.75,-180,BvSB,12,"['Elevator Down' 'Elevator Up' 'Jumping Up' 'Running Forward' 'Sitting'
 'Sleeping' 'Standing' 'Walking Downstairs' 'Walking Forward'
 'Walking Left' 'Walking Right' 'Walking Upstairs']"
0.8812840702604482,0.8793798250081513,0.9041095890410958,365,0.75,-180,BvSB,12,"['Elevator Down' 'Elevator Up' 'Jumping Up' 'Running Forward' 'Sitting'
 'Sleeping' 'Standing' 'Walking Downstairs' 'Walking Forward'
 'Walking Left' 'Walking Right' 'Walking Upstairs']"
0.8812840702604482,0.8793798250081513,0.9041095890410958,365,0.75,-180,BvSB,12,"['Elevator Down' 'Elevator Up' 'Jumping Up' 'Running Forward' 'Sitting'
 'Sleeping' 'Standing' 'Walking Downstairs' 'Walking Forward'
 'Walking Left' 'Walking Right' 'Walking Upstairs']"
0.8871701546860783,0.8849574996066742,0.9081081081081082,370,0.75,-180,BvSB,12,"['Elevator Down' 'Elevator Up' 'Jumping Up' 'Running Forward' 'Sitting'
 'Sleeping' 'Standing' 'Walking Downstairs' 'Walking Forward'
 'Walking Left' 'Walking Right' 'Walking Upstairs']"
0.8871701546860783,0.8849574996066742,0.9081081081081082,370,0.75,-180,BvSB,12,"['Elevator Down' 'Elevator Up' 'Jumping Up' 'Running Forward' 'Sitting'
 'Sleeping' 'Standing' 'Walking Downstairs' 'Walking Forward'
 'Walking Left' 'Walking Right' 'Walking Upstairs']"
0.8869987849331713,0.8847834086079716,0.9013333333333333,375,0.75,-180,BvSB,12,"['Elevator Down' 'Elevator Up' 'Jumping Up' 'Running Forward' 'Sitting'
 'Sleeping' 'Standing' 'Walking Downstairs' 'Walking Forward'
 'Walking Left' 'Walking Right' 'Walking Upstairs']"
0.8869987849331713,0.8847834086079716,0.9013333333333333,375,0.75,-180,BvSB,12,"['Elevator Down' 'Elevator Up' 'Jumping Up' 'Running Forward' 'Sitting'
 'Sleeping' 'Standing' 'Walking Downstairs' 'Walking Forward'
 'Walking Left' 'Walking Right' 'Walking Upstairs']"
0.8877395801642836,0.8849073035758906,0.9026315789473685,380,0.75,-180,BvSB,12,"['Elevator Down' 'Elevator Up' 'Jumping Up' 'Running Forward' 'Sitting'
 'Sleeping' 'Standing' 'Walking Downstairs' 'Walking Forward'
 'Walking Left' 'Walking Right' 'Walking Upstairs']"
0.8877395801642836,0.8849073035758906,0.9026315789473685,380,0.75,-180,BvSB,12,"['Elevator Down' 'Elevator Up' 'Jumping Up' 'Running Forward' 'Sitting'
 'Sleeping' 'Standing' 'Walking Downstairs' 'Walking Forward'
 'Walking Left' 'Walking Right' 'Walking Upstairs']"
0.8878732480195003,0.8855339494297463,0.8961038961038961,385,0.75,-180,BvSB,12,"['Elevator Down' 'Elevator Up' 'Jumping Up' 'Running Forward' 'Sitting'
 'Sleeping' 'Standing' 'Walking Downstairs' 'Walking Forward'
 'Walking Left' 'Walking Right' 'Walking Upstairs']"
0.8878732480195003,0.8855339494297463,0.8961038961038961,385,0.75,-180,BvSB,12,"['Elevator Down' 'Elevator Up' 'Jumping Up' 'Running Forward' 'Sitting'
 'Sleeping' 'Standing' 'Walking Downstairs' 'Walking Forward'
 'Walking Left' 'Walking Right' 'Walking Upstairs']"
0.8889227952395483,0.8867725625696502,0.8923076923076924,390,0.75,-180,BvSB,12,"['Elevator Down' 'Elevator Up' 'Jumping Up' 'Running Forward' 'Sitting'
 'Sleeping' 'Standing' 'Walking Downstairs' 'Walking Forward'
 'Walking Left' 'Walking Right' 'Walking Upstairs']"
0.8889227952395483,0.8867725625696502,0.8923076923076924,390,0.75,-180,BvSB,12,"['Elevator Down' 'Elevator Up' 'Jumping Up' 'Running Forward' 'Sitting'
 'Sleeping' 'Standing' 'Walking Downstairs' 'Walking Forward'
 'Walking Left' 'Walking Right' 'Walking Upstairs']"
0.8893643031784841,0.88782869190472,0.8936708860759494,395,0.75,-180,BvSB,12,"['Elevator Down' 'Elevator Up' 'Jumping Up' 'Running Forward' 'Sitting'
 'Sleeping' 'Standing' 'Walking Downstairs' 'Walking Forward'
 'Walking Left' 'Walking Right' 'Walking Upstairs']"
0.8893643031784841,0.88782869190472,0.8936708860759494,395,0.75,-180,BvSB,12,"['Elevator Down' 'Elevator Up' 'Jumping Up' 'Running Forward' 'Sitting'
 'Sleeping' 'Standing' 'Walking Downstairs' 'Walking Forward'
 'Walking Left' 'Walking Right' 'Walking Upstairs']"
0.886746250382614,0.884287947726152,0.9,400,0.75,-180,BvSB,12,"['Elevator Down' 'Elevator Up' 'Jumping Up' 'Running Forward' 'Sitting'
 'Sleeping' 'Standing' 'Walking Downstairs' 'Walking Forward'
 'Walking Left' 'Walking Right' 'Walking Upstairs']"
0.886746250382614,0.884287947726152,0.9,400,0.75,-180,BvSB,12,"['Elevator Down' 'Elevator Up' 'Jumping Up' 'Running Forward' 'Sitting'
 'Sleeping' 'Standing' 'Walking Downstairs' 'Walking Forward'
 'Walking Left' 'Walking Right' 'Walking Upstairs']"
0.8920907418761496,0.8902036629480985,0.9012345679012346,405,0.75,-180,BvSB,12,"['Elevator Down' 'Elevator Up' 'Jumping Up' 'Running Forward' 'Sitting'
 'Sleeping' 'Standing' 'Walking Downstairs' 'Walking Forward'
 'Walking Left' 'Walking Right' 'Walking Upstairs']"
0.8920907418761496,0.8902036629480985,0.9012345679012346,405,0.75,-180,BvSB,12,"['Elevator Down' 'Elevator Up' 'Jumping Up' 'Running Forward' 'Sitting'
 'Sleeping' 'Standing' 'Walking Downstairs' 'Walking Forward'
 'Walking Left' 'Walking Right' 'Walking Upstairs']"
0.8971446116057722,0.8948735144703153,0.9024390243902439,410,0.75,-180,BvSB,12,"['Elevator Down' 'Elevator Up' 'Jumping Up' 'Running Forward' 'Sitting'
 'Sleeping' 'Standing' 'Walking Downstairs' 'Walking Forward'
 'Walking Left' 'Walking Right' 'Walking Upstairs']"
0.8971446116057722,0.8948735144703153,0.9024390243902439,410,0.75,-180,BvSB,12,"['Elevator Down' 'Elevator Up' 'Jumping Up' 'Running Forward' 'Sitting'
 'Sleeping' 'Standing' 'Walking Downstairs' 'Walking Forward'
 'Walking Left' 'Walking Right' 'Walking Upstairs']"
0.8988314883148831,0.8960089455425737,0.9012048192771084,415,0.75,-180,BvSB,12,"['Elevator Down' 'Elevator Up' 'Jumping Up' 'Running Forward' 'Sitting'
 'Sleeping' 'Standing' 'Walking Downstairs' 'Walking Forward'
 'Walking Left' 'Walking Right' 'Walking Upstairs']"
0.8988314883148831,0.8960089455425737,0.9012048192771084,415,0.75,-180,BvSB,12,"['Elevator Down' 'Elevator Up' 'Jumping Up' 'Running Forward' 'Sitting'
 'Sleeping' 'Standing' 'Walking Downstairs' 'Walking Forward'
 'Walking Left' 'Walking Right' 'Walking Upstairs']"
0.9008315368032029,0.8977332832190901,0.9047619047619048,420,0.75,-180,BvSB,12,"['Elevator Down' 'Elevator Up' 'Jumping Up' 'Running Forward' 'Sitting'
 'Sleeping' 'Standing' 'Walking Downstairs' 'Walking Forward'
 'Walking Left' 'Walking Right' 'Walking Upstairs']"
0.9008315368032029,0.8977332832190901,0.9047619047619048,420,0.75,-180,BvSB,12,"['Elevator Down' 'Elevator Up' 'Jumping Up' 'Running Forward' 'Sitting'
 'Sleeping' 'Standing' 'Walking Downstairs' 'Walking Forward'
 'Walking Left' 'Walking Right' 'Walking Upstairs']"
0.9009870450339297,0.8971140547400243,0.8964705882352941,425,0.75,-180,BvSB,12,"['Elevator Down' 'Elevator Up' 'Jumping Up' 'Running Forward' 'Sitting'
 'Sleeping' 'Standing' 'Walking Downstairs' 'Walking Forward'
 'Walking Left' 'Walking Right' 'Walking Upstairs']"
0.9009870450339297,0.8971140547400243,0.8964705882352941,425,0.75,-180,BvSB,12,"['Elevator Down' 'Elevator Up' 'Jumping Up' 'Running Forward' 'Sitting'
 'Sleeping' 'Standing' 'Walking Downstairs' 'Walking Forward'
 'Walking Left' 'Walking Right' 'Walking Upstairs']"
0.901760889712697,0.8980177677852139,0.9,430,0.75,-180,BvSB,12,"['Elevator Down' 'Elevator Up' 'Jumping Up' 'Running Forward' 'Sitting'
 'Sleeping' 'Standing' 'Walking Downstairs' 'Walking Forward'
 'Walking Left' 'Walking Right' 'Walking Upstairs']"
0.901760889712697,0.8980177677852139,0.9,430,0.75,-180,BvSB,12,"['Elevator Down' 'Elevator Up' 'Jumping Up' 'Running Forward' 'Sitting'
 'Sleeping' 'Standing' 'Walking Downstairs' 'Walking Forward'
 'Walking Left' 'Walking Right' 'Walking Upstairs']"
0.9025371287128713,0.8970995093153171,0.8988505747126436,435,0.75,-180,BvSB,12,"['Elevator Down' 'Elevator Up' 'Jumping Up' 'Running Forward' 'Sitting'
 'Sleeping' 'Standing' 'Walking Downstairs' 'Walking Forward'
 'Walking Left' 'Walking Right' 'Walking Upstairs']"
0.9025371287128713,0.8970995093153171,0.8988505747126436,435,0.75,-180,BvSB,12,"['Elevator Down' 'Elevator Up' 'Jumping Up' 'Running Forward' 'Sitting'
 'Sleeping' 'Standing' 'Walking Downstairs' 'Walking Forward'
 'Walking Left' 'Walking Right' 'Walking Upstairs']"
0.9051750852184691,0.8994766129788251,0.9068181818181819,440,0.75,-180,BvSB,12,"['Elevator Down' 'Elevator Up' 'Jumping Up' 'Running Forward' 'Sitting'
 'Sleeping' 'Standing' 'Walking Downstairs' 'Walking Forward'
 'Walking Left' 'Walking Right' 'Walking Upstairs']"
0.9051750852184691,0.8994766129788251,0.9068181818181819,440,0.75,-180,BvSB,12,"['Elevator Down' 'Elevator Up' 'Jumping Up' 'Running Forward' 'Sitting'
 'Sleeping' 'Standing' 'Walking Downstairs' 'Walking Forward'
 'Walking Left' 'Walking Right' 'Walking Upstairs']"
0.9050279329608939,0.8991975933157529,0.898876404494382,445,0.75,-180,BvSB,12,"['Elevator Down' 'Elevator Up' 'Jumping Up' 'Running Forward' 'Sitting'
 'Sleeping' 'Standing' 'Walking Downstairs' 'Walking Forward'
 'Walking Left' 'Walking Right' 'Walking Upstairs']"
0.9050279329608939,0.8991975933157529,0.898876404494382,445,0.75,-180,BvSB,12,"['Elevator Down' 'Elevator Up' 'Jumping Up' 'Running Forward' 'Sitting'
 'Sleeping' 'Standing' 'Walking Downstairs' 'Walking Forward'
 'Walking Left' 'Walking Right' 'Walking Upstairs']"
0.9058128691327324,0.9000635628218087,0.9,450,0.75,-180,BvSB,12,"['Elevator Down' 'Elevator Up' 'Jumping Up' 'Running Forward' 'Sitting'
 'Sleeping' 'Standing' 'Walking Downstairs' 'Walking Forward'
 'Walking Left' 'Walking Right' 'Walking Upstairs']"
0.9058128691327324,0.9000635628218087,0.9,450,0.75,-180,BvSB,12,"['Elevator Down' 'Elevator Up' 'Jumping Up' 'Running Forward' 'Sitting'
 'Sleeping' 'Standing' 'Walking Downstairs' 'Walking Forward'
 'Walking Left' 'Walking Right' 'Walking Upstairs']"
0.9069115815691158,0.9009618515649966,0.9032967032967033,455,0.75,-180,BvSB,12,"['Elevator Down' 'Elevator Up' 'Jumping Up' 'Running Forward' 'Sitting'
 'Sleeping' 'Standing' 'Walking Downstairs' 'Walking Forward'
 'Walking Left' 'Walking Right' 'Walking Upstairs']"
0.9069115815691158,0.9009618515649966,0.9032967032967033,455,0.75,-180,BvSB,12,"['Elevator Down' 'Elevator Up' 'Jumping Up' 'Running Forward' 'Sitting'
 'Sleeping' 'Standing' 'Walking Downstairs' 'Walking Forward'
 'Walking Left' 'Walking Right' 'Walking Upstairs']"
0.9061428125974431,0.9001863321147308,0.9043478260869565,460,0.75,-180,BvSB,12,"['Elevator Down' 'Elevator Up' 'Jumping Up' 'Running Forward' 'Sitting'
 'Sleeping' 'Standing' 'Walking Downstairs' 'Walking Forward'
 'Walking Left' 'Walking Right' 'Walking Upstairs']"
0.9061428125974431,0.9001863321147308,0.9043478260869565,460,0.75,-180,BvSB,12,"['Elevator Down' 'Elevator Up' 'Jumping Up' 'Running Forward' 'Sitting'
 'Sleeping' 'Standing' 'Walking Downstairs' 'Walking Forward'
 'Walking Left' 'Walking Right' 'Walking Upstairs']"
0.9091193004372268,0.9031874627846872,0.9053763440860215,465,0.75,-180,BvSB,12,"['Elevator Down' 'Elevator Up' 'Jumping Up' 'Running Forward' 'Sitting'
 'Sleeping' 'Standing' 'Walking Downstairs' 'Walking Forward'
 'Walking Left' 'Walking Right' 'Walking Upstairs']"
0.9091193004372268,0.9031874627846872,0.9053763440860215,465,0.75,-180,BvSB,12,"['Elevator Down' 'Elevator Up' 'Jumping Up' 'Running Forward' 'Sitting'
 'Sleeping' 'Standing' 'Walking Downstairs' 'Walking Forward'
 'Walking Left' 'Walking Right' 'Walking Upstairs']"
0.9067876133875509,0.9008152851563378,0.9063829787234042,470,0.75,-180,BvSB,12,"['Elevator Down' 'Elevator Up' 'Jumping Up' 'Running Forward' 'Sitting'
 'Sleeping' 'Standing' 'Walking Downstairs' 'Walking Forward'
 'Walking Left' 'Walking Right' 'Walking Upstairs']"
0.9067876133875509,0.9008152851563378,0.9063829787234042,470,0.75,-180,BvSB,12,"['Elevator Down' 'Elevator Up' 'Jumping Up' 'Running Forward' 'Sitting'
 'Sleeping' 'Standing' 'Walking Downstairs' 'Walking Forward'
 'Walking Left' 'Walking Right' 'Walking Upstairs']"
0.9085213032581454,0.9021933009606056,0.9052631578947369,475,0.75,-180,BvSB,12,"['Elevator Down' 'Elevator Up' 'Jumping Up' 'Running Forward' 'Sitting'
 'Sleeping' 'Standing' 'Walking Downstairs' 'Walking Forward'
 'Walking Left' 'Walking Right' 'Walking Upstairs']"
0.9085213032581454,0.9021933009606056,0.9052631578947369,475,0.75,-180,BvSB,12,"['Elevator Down' 'Elevator Up' 'Jumping Up' 'Running Forward' 'Sitting'
 'Sleeping' 'Standing' 'Walking Downstairs' 'Walking Forward'
 'Walking Left' 'Walking Right' 'Walking Upstairs']"
0.9102604330090994,0.903890313637378,0.90625,480,0.75,-180,BvSB,12,"['Elevator Down' 'Elevator Up' 'Jumping Up' 'Running Forward' 'Sitting'
 'Sleeping' 'Standing' 'Walking Downstairs' 'Walking Forward'
 'Walking Left' 'Walking Right' 'Walking Upstairs']"
0.9102604330090994,0.903890313637378,0.90625,480,0.75,-180,BvSB,12,"['Elevator Down' 'Elevator Up' 'Jumping Up' 'Running Forward' 'Sitting'
 'Sleeping' 'Standing' 'Walking Downstairs' 'Walking Forward'
 'Walking Left' 'Walking Right' 'Walking Upstairs']"
0.9104336895034569,0.9026832566212897,0.9092783505154639,485,0.75,-180,BvSB,12,"['Elevator Down' 'Elevator Up' 'Jumping Up' 'Running Forward' 'Sitting'
 'Sleeping' 'Standing' 'Walking Downstairs' 'Walking Forward'
 'Walking Left' 'Walking Right' 'Walking Upstairs']"
0.9104336895034569,0.9026832566212897,0.9092783505154639,485,0.75,-180,BvSB,12,"['Elevator Down' 'Elevator Up' 'Jumping Up' 'Running Forward' 'Sitting'
 'Sleeping' 'Standing' 'Walking Downstairs' 'Walking Forward'
 'Walking Left' 'Walking Right' 'Walking Upstairs']"
0.9118665407617249,0.9041170382925152,0.9081632653061225,490,0.75,-180,BvSB,12,"['Elevator Down' 'Elevator Up' 'Jumping Up' 'Running Forward' 'Sitting'
 'Sleeping' 'Standing' 'Walking Downstairs' 'Walking Forward'
 'Walking Left' 'Walking Right' 'Walking Upstairs']"
0.9118665407617249,0.9041170382925152,0.9081632653061225,490,0.75,-180,BvSB,12,"['Elevator Down' 'Elevator Up' 'Jumping Up' 'Running Forward' 'Sitting'
 'Sleeping' 'Standing' 'Walking Downstairs' 'Walking Forward'
 'Walking Left' 'Walking Right' 'Walking Upstairs']"
0.9117276166456494,0.9041269034419744,0.9030303030303031,495,0.75,-180,BvSB,12,"['Elevator Down' 'Elevator Up' 'Jumping Up' 'Running Forward' 'Sitting'
 'Sleeping' 'Standing' 'Walking Downstairs' 'Walking Forward'
 'Walking Left' 'Walking Right' 'Walking Upstairs']"
0.9117276166456494,0.9041269034419744,0.9030303030303031,495,0.75,-180,BvSB,12,"['Elevator Down' 'Elevator Up' 'Jumping Up' 'Running Forward' 'Sitting'
 'Sleeping' 'Standing' 'Walking Downstairs' 'Walking Forward'
 'Walking Left' 'Walking Right' 'Walking Upstairs']"
0.9115882538680139,0.9040457698202902,0.904,500,0.75,-180,BvSB,12,"['Elevator Down' 'Elevator Up' 'Jumping Up' 'Running Forward' 'Sitting'
 'Sleeping' 'Standing' 'Walking Downstairs' 'Walking Forward'
 'Walking Left' 'Walking Right' 'Walking Upstairs']"
0.9115882538680139,0.9040457698202902,0.904,500,0.75,-180,BvSB,12,"['Elevator Down' 'Elevator Up' 'Jumping Up' 'Running Forward' 'Sitting'
 'Sleeping' 'Standing' 'Walking Downstairs' 'Walking Forward'
 'Walking Left' 'Walking Right' 'Walking Upstairs']"
0.9130297280202404,0.9058121795461377,0.899009900990099,505,0.75,-180,BvSB,12,"['Elevator Down' 'Elevator Up' 'Jumping Up' 'Running Forward' 'Sitting'
 'Sleeping' 'Standing' 'Walking Downstairs' 'Walking Forward'
 'Walking Left' 'Walking Right' 'Walking Upstairs']"
0.9130297280202404,0.9058121795461377,0.899009900990099,505,0.75,-180,BvSB,12,"['Elevator Down' 'Elevator Up' 'Jumping Up' 'Running Forward' 'Sitting'
 'Sleeping' 'Standing' 'Walking Downstairs' 'Walking Forward'
 'Walking Left' 'Walking Right' 'Walking Upstairs']"
0.9173265758631612,0.9108124829675929,0.9019607843137255,510,0.75,-180,BvSB,12,"['Elevator Down' 'Elevator Up' 'Jumping Up' 'Running Forward' 'Sitting'
 'Sleeping' 'Standing' 'Walking Downstairs' 'Walking Forward'
 'Walking Left' 'Walking Right' 'Walking Upstairs']"
0.9173265758631612,0.9108124829675929,0.9019607843137255,510,0.75,-180,BvSB,12,"['Elevator Down' 'Elevator Up' 'Jumping Up' 'Running Forward' 'Sitting'
 'Sleeping' 'Standing' 'Walking Downstairs' 'Walking Forward'
 'Walking Left' 'Walking Right' 'Walking Upstairs']"
0.9178299492385786,0.9115705885792531,0.8990291262135922,515,0.75,-180,BvSB,12,"['Elevator Down' 'Elevator Up' 'Jumping Up' 'Running Forward' 'Sitting'
 'Sleeping' 'Standing' 'Walking Downstairs' 'Walking Forward'
 'Walking Left' 'Walking Right' 'Walking Upstairs']"
0.9178299492385786,0.9115705885792531,0.8990291262135922,515,0.75,-180,BvSB,12,"['Elevator Down' 'Elevator Up' 'Jumping Up' 'Running Forward' 'Sitting'
 'Sleeping' 'Standing' 'Walking Downstairs' 'Walking Forward'
 'Walking Left' 'Walking Right' 'Walking Upstairs']"
0.9189704480457579,0.913066056449541,0.8980769230769231,520,0.75,-180,BvSB,12,"['Elevator Down' 'Elevator Up' 'Jumping Up' 'Running Forward' 'Sitting'
 'Sleeping' 'Standing' 'Walking Downstairs' 'Walking Forward'
 'Walking Left' 'Walking Right' 'Walking Upstairs']"
0.9189704480457579,0.913066056449541,0.8980769230769231,520,0.75,-180,BvSB,12,"['Elevator Down' 'Elevator Up' 'Jumping Up' 'Running Forward' 'Sitting'
 'Sleeping' 'Standing' 'Walking Downstairs' 'Walking Forward'
 'Walking Left' 'Walking Right' 'Walking Upstairs']"
0.9182049649904519,0.911938770967933,0.9028571428571428,525,0.75,-180,BvSB,12,"['Elevator Down' 'Elevator Up' 'Jumping Up' 'Running Forward' 'Sitting'
 'Sleeping' 'Standing' 'Walking Downstairs' 'Walking Forward'
 'Walking Left' 'Walking Right' 'Walking Upstairs']"
0.9182049649904519,0.911938770967933,0.9028571428571428,525,0.75,-180,BvSB,12,"['Elevator Down' 'Elevator Up' 'Jumping Up' 'Running Forward' 'Sitting'
 'Sleeping' 'Standing' 'Walking Downstairs' 'Walking Forward'
 'Walking Left' 'Walking Right' 'Walking Upstairs']"
0.9193496971628945,0.9131159668354164,0.9037735849056604,530,0.75,-180,BvSB,12,"['Elevator Down' 'Elevator Up' 'Jumping Up' 'Running Forward' 'Sitting'
 'Sleeping' 'Standing' 'Walking Downstairs' 'Walking Forward'
 'Walking Left' 'Walking Right' 'Walking Upstairs']"
0.9193496971628945,0.9131159668354164,0.9037735849056604,530,0.75,-180,BvSB,12,"['Elevator Down' 'Elevator Up' 'Jumping Up' 'Running Forward' 'Sitting'
 'Sleeping' 'Standing' 'Walking Downstairs' 'Walking Forward'
 'Walking Left' 'Walking Right' 'Walking Upstairs']"
0.9217752234993615,0.9121868608306603,0.8990654205607477,535,0.75,-180,BvSB,12,"['Elevator Down' 'Elevator Up' 'Jumping Up' 'Running Forward' 'Sitting'
 'Sleeping' 'Standing' 'Walking Downstairs' 'Walking Forward'
 'Walking Left' 'Walking Right' 'Walking Upstairs']"
0.9217752234993615,0.9121868608306603,0.8990654205607477,535,0.75,-180,BvSB,12,"['Elevator Down' 'Elevator Up' 'Jumping Up' 'Running Forward' 'Sitting'
 'Sleeping' 'Standing' 'Walking Downstairs' 'Walking Forward'
 'Walking Left' 'Walking Right' 'Walking Upstairs']"
0.9216501439078989,0.9120365682189578,0.9018518518518519,540,0.75,-180,BvSB,12,"['Elevator Down' 'Elevator Up' 'Jumping Up' 'Running Forward' 'Sitting'
 'Sleeping' 'Standing' 'Walking Downstairs' 'Walking Forward'
 'Walking Left' 'Walking Right' 'Walking Upstairs']"
0.9216501439078989,0.9120365682189578,0.9018518518518519,540,0.75,-180,BvSB,12,"['Elevator Down' 'Elevator Up' 'Jumping Up' 'Running Forward' 'Sitting'
 'Sleeping' 'Standing' 'Walking Downstairs' 'Walking Forward'
 'Walking Left' 'Walking Right' 'Walking Upstairs']"
0.9212043561819346,0.9116579112717594,0.8954128440366973,545,0.75,-180,BvSB,12,"['Elevator Down' 'Elevator Up' 'Jumping Up' 'Running Forward' 'Sitting'
 'Sleeping' 'Standing' 'Walking Downstairs' 'Walking Forward'
 'Walking Left' 'Walking Right' 'Walking Upstairs']"
0.9212043561819346,0.9116579112717594,0.8954128440366973,545,0.75,-180,BvSB,12,"['Elevator Down' 'Elevator Up' 'Jumping Up' 'Running Forward' 'Sitting'
 'Sleeping' 'Standing' 'Walking Downstairs' 'Walking Forward'
 'Walking Left' 'Walking Right' 'Walking Upstairs']"
0.9217196021815849,0.9137965097037051,0.8981818181818182,550,0.75,-180,BvSB,12,"['Elevator Down' 'Elevator Up' 'Jumping Up' 'Running Forward' 'Sitting'
 'Sleeping' 'Standing' 'Walking Downstairs' 'Walking Forward'
 'Walking Left' 'Walking Right' 'Walking Upstairs']"
0.9217196021815849,0.9137965097037051,0.8981818181818182,550,0.75,-180,BvSB,12,"['Elevator Down' 'Elevator Up' 'Jumping Up' 'Running Forward' 'Sitting'
 'Sleeping' 'Standing' 'Walking Downstairs' 'Walking Forward'
 'Walking Left' 'Walking Right' 'Walking Upstairs']"
0.9222365038560412,0.9143096229344826,0.8972972972972973,555,0.75,-180,BvSB,12,"['Elevator Down' 'Elevator Up' 'Jumping Up' 'Running Forward' 'Sitting'
 'Sleeping' 'Standing' 'Walking Downstairs' 'Walking Forward'
 'Walking Left' 'Walking Right' 'Walking Upstairs']"
0.9222365038560412,0.9143096229344826,0.8972972972972973,555,0.75,-180,BvSB,12,"['Elevator Down' 'Elevator Up' 'Jumping Up' 'Running Forward' 'Sitting'
 'Sleeping' 'Standing' 'Walking Downstairs' 'Walking Forward'
 'Walking Left' 'Walking Right' 'Walking Upstairs']"
0.9224332153202446,0.915425897144071,0.8964285714285715,560,0.75,-180,BvSB,12,"['Elevator Down' 'Elevator Up' 'Jumping Up' 'Running Forward' 'Sitting'
 'Sleeping' 'Standing' 'Walking Downstairs' 'Walking Forward'
 'Walking Left' 'Walking Right' 'Walking Upstairs']"
0.9224332153202446,0.915425897144071,0.8964285714285715,560,0.75,-180,BvSB,12,"['Elevator Down' 'Elevator Up' 'Jumping Up' 'Running Forward' 'Sitting'
 'Sleeping' 'Standing' 'Walking Downstairs' 'Walking Forward'
 'Walking Left' 'Walking Right' 'Walking Upstairs']"
0.9239200515796261,0.9165585708974496,0.904424778761062,565,0.75,-180,BvSB,12,"['Elevator Down' 'Elevator Up' 'Jumping Up' 'Running Forward' 'Sitting'
 'Sleeping' 'Standing' 'Walking Downstairs' 'Walking Forward'
 'Walking Left' 'Walking Right' 'Walking Upstairs']"
0.9239200515796261,0.9165585708974496,0.904424778761062,565,0.75,-180,BvSB,12,"['Elevator Down' 'Elevator Up' 'Jumping Up' 'Running Forward' 'Sitting'
 'Sleeping' 'Standing' 'Walking Downstairs' 'Walking Forward'
 'Walking Left' 'Walking Right' 'Walking Upstairs']"
0.924120116241524,0.9174827470520582,0.9,570,0.75,-180,BvSB,12,"['Elevator Down' 'Elevator Up' 'Jumping Up' 'Running Forward' 'Sitting'
 'Sleeping' 'Standing' 'Walking Downstairs' 'Walking Forward'
 'Walking Left' 'Walking Right' 'Walking Upstairs']"
0.924120116241524,0.9174827470520582,0.9,570,0.75,-180,BvSB,12,"['Elevator Down' 'Elevator Up' 'Jumping Up' 'Running Forward' 'Sitting'
 'Sleeping' 'Standing' 'Walking Downstairs' 'Walking Forward'
 'Walking Left' 'Walking Right' 'Walking Upstairs']"
0.9252910737386805,0.9186360466227829,0.8956521739130435,575,0.75,-180,BvSB,12,"['Elevator Down' 'Elevator Up' 'Jumping Up' 'Running Forward' 'Sitting'
 'Sleeping' 'Standing' 'Walking Downstairs' 'Walking Forward'
 'Walking Left' 'Walking Right' 'Walking Upstairs']"
0.9252910737386805,0.9186360466227829,0.8956521739130435,575,0.75,-180,BvSB,12,"['Elevator Down' 'Elevator Up' 'Jumping Up' 'Running Forward' 'Sitting'
 'Sleeping' 'Standing' 'Walking Downstairs' 'Walking Forward'
 'Walking Left' 'Walking Right' 'Walking Upstairs']"
0.9248461289277616,0.9194843852936384,0.9017241379310345,580,0.75,-180,BvSB,12,"['Elevator Down' 'Elevator Up' 'Jumping Up' 'Running Forward' 'Sitting'
 'Sleeping' 'Standing' 'Walking Downstairs' 'Walking Forward'
 'Walking Left' 'Walking Right' 'Walking Upstairs']"
0.9248461289277616,0.9194843852936384,0.9017241379310345,580,0.75,-180,BvSB,12,"['Elevator Down' 'Elevator Up' 'Jumping Up' 'Running Forward' 'Sitting'
 'Sleeping' 'Standing' 'Walking Downstairs' 'Walking Forward'
 'Walking Left' 'Walking Right' 'Walking Upstairs']"
0.9263465282284231,0.9217467279842242,0.8888888888888888,585,0.75,-180,BvSB,12,"['Elevator Down' 'Elevator Up' 'Jumping Up' 'Running Forward' 'Sitting'
 'Sleeping' 'Standing' 'Walking Downstairs' 'Walking Forward'
 'Walking Left' 'Walking Right' 'Walking Upstairs']"
0.9263465282284231,0.9217467279842242,0.8888888888888888,585,0.75,-180,BvSB,12,"['Elevator Down' 'Elevator Up' 'Jumping Up' 'Running Forward' 'Sitting'
 'Sleeping' 'Standing' 'Walking Downstairs' 'Walking Forward'
 'Walking Left' 'Walking Right' 'Walking Upstairs']"
0.9288267793305167,0.9242100280628452,0.8966101694915254,590,0.75,-180,BvSB,12,"['Elevator Down' 'Elevator Up' 'Jumping Up' 'Running Forward' 'Sitting'
 'Sleeping' 'Standing' 'Walking Downstairs' 'Walking Forward'
 'Walking Left' 'Walking Right' 'Walking Upstairs']"
0.9288267793305167,0.9242100280628452,0.8966101694915254,590,0.75,-180,BvSB,12,"['Elevator Down' 'Elevator Up' 'Jumping Up' 'Running Forward' 'Sitting'
 'Sleeping' 'Standing' 'Walking Downstairs' 'Walking Forward'
 'Walking Left' 'Walking Right' 'Walking Upstairs']"
0.9290364583333334,0.9234567622024831,0.8890756302521008,595,0.75,-180,BvSB,12,"['Elevator Down' 'Elevator Up' 'Jumping Up' 'Running Forward' 'Sitting'
 'Sleeping' 'Standing' 'Walking Downstairs' 'Walking Forward'
 'Walking Left' 'Walking Right' 'Walking Upstairs']"
0.9290364583333334,0.9234567622024831,0.8890756302521008,595,0.75,-180,BvSB,12,"['Elevator Down' 'Elevator Up' 'Jumping Up' 'Running Forward' 'Sitting'
 'Sleeping' 'Standing' 'Walking Downstairs' 'Walking Forward'
 'Walking Left' 'Walking Right' 'Walking Upstairs']"
0.9292468209977176,0.924858606125568,0.8816666666666667,600,0.75,-180,BvSB,12,"['Elevator Down' 'Elevator Up' 'Jumping Up' 'Running Forward' 'Sitting'
 'Sleeping' 'Standing' 'Walking Downstairs' 'Walking Forward'
 'Walking Left' 'Walking Right' 'Walking Upstairs']"
0.9292468209977176,0.924858606125568,0.8816666666666667,600,0.75,-180,BvSB,12,"['Elevator Down' 'Elevator Up' 'Jumping Up' 'Running Forward' 'Sitting'
 'Sleeping' 'Standing' 'Walking Downstairs' 'Walking Forward'
 'Walking Left' 'Walking Right' 'Walking Upstairs']"
0.930111038536904,0.9242938343169899,0.8909090909090909,605,0.75,-180,BvSB,12,"['Elevator Down' 'Elevator Up' 'Jumping Up' 'Running Forward' 'Sitting'
 'Sleeping' 'Standing' 'Walking Downstairs' 'Walking Forward'
 'Walking Left' 'Walking Right' 'Walking Upstairs']"
0.930111038536904,0.9242938343169899,0.8909090909090909,605,0.75,-180,BvSB,12,"['Elevator Down' 'Elevator Up' 'Jumping Up' 'Running Forward' 'Sitting'
 'Sleeping' 'Standing' 'Walking Downstairs' 'Walking Forward'
 'Walking Left' 'Walking Right' 'Walking Upstairs']"
0.9306509649983644,0.9253838338345387,0.8770491803278688,610,0.75,-180,BvSB,12,"['Elevator Down' 'Elevator Up' 'Jumping Up' 'Running Forward' 'Sitting'
 'Sleeping' 'Standing' 'Walking Downstairs' 'Walking Forward'
 'Walking Left' 'Walking Right' 'Walking Upstairs']"
0.9306509649983644,0.9253838338345387,0.8770491803278688,610,0.75,-180,BvSB,12,"['Elevator Down' 'Elevator Up' 'Jumping Up' 'Running Forward' 'Sitting'
 'Sleeping' 'Standing' 'Walking Downstairs' 'Walking Forward'
 'Walking Left' 'Walking Right' 'Walking Upstairs']"
0.9315203145478375,0.9288989545749988,0.8780487804878049,615,0.75,-180,BvSB,12,"['Elevator Down' 'Elevator Up' 'Jumping Up' 'Running Forward' 'Sitting'
 'Sleeping' 'Standing' 'Walking Downstairs' 'Walking Forward'
 'Walking Left' 'Walking Right' 'Walking Upstairs']"
0.9315203145478375,0.9288989545749988,0.8780487804878049,615,0.75,-180,BvSB,12,"['Elevator Down' 'Elevator Up' 'Jumping Up' 'Running Forward' 'Sitting'
 'Sleeping' 'Standing' 'Walking Downstairs' 'Walking Forward'
 'Walking Left' 'Walking Right' 'Walking Upstairs']"
0.9333770922218576,0.9318054591443244,0.8709677419354839,620,0.75,-180,BvSB,12,"['Elevator Down' 'Elevator Up' 'Jumping Up' 'Running Forward' 'Sitting'
 'Sleeping' 'Standing' 'Walking Downstairs' 'Walking Forward'
 'Walking Left' 'Walking Right' 'Walking Upstairs']"
0.9333770922218576,0.9318054591443244,0.8709677419354839,620,0.75,-180,BvSB,12,"['Elevator Down' 'Elevator Up' 'Jumping Up' 'Running Forward' 'Sitting'
 'Sleeping' 'Standing' 'Walking Downstairs' 'Walking Forward'
 'Walking Left' 'Walking Right' 'Walking Upstairs']"
0.9326101249178173,0.9307450545335244,0.872,625,0.75,-180,BvSB,12,"['Elevator Down' 'Elevator Up' 'Jumping Up' 'Running Forward' 'Sitting'
 'Sleeping' 'Standing' 'Walking Downstairs' 'Walking Forward'
 'Walking Left' 'Walking Right' 'Walking Upstairs']"
0.9326101249178173,0.9307450545335244,0.872,625,0.75,-180,BvSB,12,"['Elevator Down' 'Elevator Up' 'Jumping Up' 'Running Forward' 'Sitting'
 'Sleeping' 'Standing' 'Walking Downstairs' 'Walking Forward'
 'Walking Left' 'Walking Right' 'Walking Upstairs']"
0.936779716825815,0.9348106499300829,0.8698412698412699,630,0.75,-180,BvSB,12,"['Elevator Down' 'Elevator Up' 'Jumping Up' 'Running Forward' 'Sitting'
 'Sleeping' 'Standing' 'Walking Downstairs' 'Walking Forward'
 'Walking Left' 'Walking Right' 'Walking Upstairs']"
0.936779716825815,0.9348106499300829,0.8698412698412699,630,0.75,-180,BvSB,12,"['Elevator Down' 'Elevator Up' 'Jumping Up' 'Running Forward' 'Sitting'
 'Sleeping' 'Standing' 'Walking Downstairs' 'Walking Forward'
 'Walking Left' 'Walking Right' 'Walking Upstairs']"
0.9383245382585752,0.9366424034353868,0.8614173228346457,635,0.75,-180,BvSB,12,"['Elevator Down' 'Elevator Up' 'Jumping Up' 'Running Forward' 'Sitting'
 'Sleeping' 'Standing' 'Walking Downstairs' 'Walking Forward'
 'Walking Left' 'Walking Right' 'Walking Upstairs']"
0.9383245382585752,0.9366424034353868,0.8614173228346457,635,0.75,-180,BvSB,12,"['Elevator Down' 'Elevator Up' 'Jumping Up' 'Running Forward' 'Sitting'
 'Sleeping' 'Standing' 'Walking Downstairs' 'Walking Forward'
 'Walking Left' 'Walking Right' 'Walking Upstairs']"
0.9405351833498513,0.9396939767752096,0.859375,640,0.75,-180,BvSB,12,"['Elevator Down' 'Elevator Up' 'Jumping Up' 'Running Forward' 'Sitting'
 'Sleeping' 'Standing' 'Walking Downstairs' 'Walking Forward'
 'Walking Left' 'Walking Right' 'Walking Upstairs']"
0.9405351833498513,0.9396939767752096,0.859375,640,0.75,-180,BvSB,12,"['Elevator Down' 'Elevator Up' 'Jumping Up' 'Running Forward' 'Sitting'
 'Sleeping' 'Standing' 'Walking Downstairs' 'Walking Forward'
 'Walking Left' 'Walking Right' 'Walking Upstairs']"
0.9424222369291859,0.9415688687213201,0.8527131782945736,645,0.75,-180,BvSB,12,"['Elevator Down' 'Elevator Up' 'Jumping Up' 'Running Forward' 'Sitting'
 'Sleeping' 'Standing' 'Walking Downstairs' 'Walking Forward'
 'Walking Left' 'Walking Right' 'Walking Upstairs']"
0.9424222369291859,0.9415688687213201,0.8527131782945736,645,0.75,-180,BvSB,12,"['Elevator Down' 'Elevator Up' 'Jumping Up' 'Running Forward' 'Sitting'
 'Sleeping' 'Standing' 'Walking Downstairs' 'Walking Forward'
 'Walking Left' 'Walking Right' 'Walking Upstairs']"
0.9436526350679483,0.9429208120413101,0.8630769230769231,650,0.75,-180,BvSB,12,"['Elevator Down' 'Elevator Up' 'Jumping Up' 'Running Forward' 'Sitting'
 'Sleeping' 'Standing' 'Walking Downstairs' 'Walking Forward'
 'Walking Left' 'Walking Right' 'Walking Upstairs']"
0.9436526350679483,0.9429208120413101,0.8630769230769231,650,0.75,-180,BvSB,12,"['Elevator Down' 'Elevator Up' 'Jumping Up' 'Running Forward' 'Sitting'
 'Sleeping' 'Standing' 'Walking Downstairs' 'Walking Forward'
 'Walking Left' 'Walking Right' 'Walking Upstairs']"
0.9438911022576362,0.9422563519111572,0.8564885496183207,655,0.75,-180,BvSB,12,"['Elevator Down' 'Elevator Up' 'Jumping Up' 'Running Forward' 'Sitting'
 'Sleeping' 'Standing' 'Walking Downstairs' 'Walking Forward'
 'Walking Left' 'Walking Right' 'Walking Upstairs']"
0.9438911022576362,0.9422563519111572,0.8564885496183207,655,0.75,-180,BvSB,12,"['Elevator Down' 'Elevator Up' 'Jumping Up' 'Running Forward' 'Sitting'
 'Sleeping' 'Standing' 'Walking Downstairs' 'Walking Forward'
 'Walking Left' 'Walking Right' 'Walking Upstairs']"
0.9444629198536748,0.9427218149436494,0.8560606060606061,660,0.75,-180,BvSB,12,"['Elevator Down' 'Elevator Up' 'Jumping Up' 'Running Forward' 'Sitting'
 'Sleeping' 'Standing' 'Walking Downstairs' 'Walking Forward'
 'Walking Left' 'Walking Right' 'Walking Upstairs']"
0.9444629198536748,0.9427218149436494,0.8560606060606061,660,0.75,-180,BvSB,12,"['Elevator Down' 'Elevator Up' 'Jumping Up' 'Running Forward' 'Sitting'
 'Sleeping' 'Standing' 'Walking Downstairs' 'Walking Forward'
 'Walking Left' 'Walking Right' 'Walking Upstairs']"
0.9460359760159893,0.9445978337358167,0.8601503759398497,665,0.75,-180,BvSB,12,"['Elevator Down' 'Elevator Up' 'Jumping Up' 'Running Forward' 'Sitting'
 'Sleeping' 'Standing' 'Walking Downstairs' 'Walking Forward'
 'Walking Left' 'Walking Right' 'Walking Upstairs']"
0.9460359760159893,0.9445978337358167,0.8601503759398497,665,0.75,-180,BvSB,12,"['Elevator Down' 'Elevator Up' 'Jumping Up' 'Running Forward' 'Sitting'
 'Sleeping' 'Standing' 'Walking Downstairs' 'Walking Forward'
 'Walking Left' 'Walking Right' 'Walking Upstairs']"
0.9466132799466133,0.9445530415666895,0.844776119402985,670,0.75,-180,BvSB,12,"['Elevator Down' 'Elevator Up' 'Jumping Up' 'Running Forward' 'Sitting'
 'Sleeping' 'Standing' 'Walking Downstairs' 'Walking Forward'
 'Walking Left' 'Walking Right' 'Walking Upstairs']"
0.9466132799466133,0.9445530415666895,0.844776119402985,670,0.75,-180,BvSB,12,"['Elevator Down' 'Elevator Up' 'Jumping Up' 'Running Forward' 'Sitting'
 'Sleeping' 'Standing' 'Walking Downstairs' 'Walking Forward'
 'Walking Left' 'Walking Right' 'Walking Upstairs']"
0.9468582887700535,0.9443419512717596,0.8474074074074074,675,0.75,-180,BvSB,12,"['Elevator Down' 'Elevator Up' 'Jumping Up' 'Running Forward' 'Sitting'
 'Sleeping' 'Standing' 'Walking Downstairs' 'Walking Forward'
 'Walking Left' 'Walking Right' 'Walking Upstairs']"
0.9468582887700535,0.9443419512717596,0.8474074074074074,675,0.75,-180,BvSB,12,"['Elevator Down' 'Elevator Up' 'Jumping Up' 'Running Forward' 'Sitting'
 'Sleeping' 'Standing' 'Walking Downstairs' 'Walking Forward'
 'Walking Left' 'Walking Right' 'Walking Upstairs']"
0.9487780381653833,0.9462931332763825,0.85,680,0.75,-180,BvSB,12,"['Elevator Down' 'Elevator Up' 'Jumping Up' 'Running Forward' 'Sitting'
 'Sleeping' 'Standing' 'Walking Downstairs' 'Walking Forward'
 'Walking Left' 'Walking Right' 'Walking Upstairs']"
0.9487780381653833,0.9462931332763825,0.85,680,0.75,-180,BvSB,12,"['Elevator Down' 'Elevator Up' 'Jumping Up' 'Running Forward' 'Sitting'
 'Sleeping' 'Standing' 'Walking Downstairs' 'Walking Forward'
 'Walking Left' 'Walking Right' 'Walking Upstairs']"
0.9486921529175051,0.9452823208048753,0.8496350364963504,685,0.75,-180,BvSB,12,"['Elevator Down' 'Elevator Up' 'Jumping Up' 'Running Forward' 'Sitting'
 'Sleeping' 'Standing' 'Walking Downstairs' 'Walking Forward'
 'Walking Left' 'Walking Right' 'Walking Upstairs']"
0.9486921529175051,0.9452823208048753,0.8496350364963504,685,0.75,-180,BvSB,12,"['Elevator Down' 'Elevator Up' 'Jumping Up' 'Running Forward' 'Sitting'
 'Sleeping' 'Standing' 'Walking Downstairs' 'Walking Forward'
 'Walking Left' 'Walking Right' 'Walking Upstairs']"
0.9482700705408129,0.9443832993873635,0.8579710144927536,690,0.75,-180,BvSB,12,"['Elevator Down' 'Elevator Up' 'Jumping Up' 'Running Forward' 'Sitting'
 'Sleeping' 'Standing' 'Walking Downstairs' 'Walking Forward'
 'Walking Left' 'Walking Right' 'Walking Upstairs']"
0.9482700705408129,0.9443832993873635,0.8579710144927536,690,0.75,-180,BvSB,12,"['Elevator Down' 'Elevator Up' 'Jumping Up' 'Running Forward' 'Sitting'
 'Sleeping' 'Standing' 'Walking Downstairs' 'Walking Forward'
 'Walking Left' 'Walking Right' 'Walking Upstairs']"
0.9502018842530283,0.9461505002650282,0.8474820143884892,695,0.75,-180,BvSB,12,"['Elevator Down' 'Elevator Up' 'Jumping Up' 'Running Forward' 'Sitting'
 'Sleeping' 'Standing' 'Walking Downstairs' 'Walking Forward'
 'Walking Left' 'Walking Right' 'Walking Upstairs']"
0.9502018842530283,0.9461505002650282,0.8474820143884892,695,0.75,-180,BvSB,12,"['Elevator Down' 'Elevator Up' 'Jumping Up' 'Running Forward' 'Sitting'
 'Sleeping' 'Standing' 'Walking Downstairs' 'Walking Forward'
 'Walking Left' 'Walking Right' 'Walking Upstairs']"
0.9480957195820694,0.9443486964993993,0.8442857142857143,700,0.75,-180,BvSB,12,"['Elevator Down' 'Elevator Up' 'Jumping Up' 'Running Forward' 'Sitting'
 'Sleeping' 'Standing' 'Walking Downstairs' 'Walking Forward'
 'Walking Left' 'Walking Right' 'Walking Upstairs']"
0.9480957195820694,0.9443486964993993,0.8442857142857143,700,0.75,-180,BvSB,12,"['Elevator Down' 'Elevator Up' 'Jumping Up' 'Running Forward' 'Sitting'
 'Sleeping' 'Standing' 'Walking Downstairs' 'Walking Forward'
 'Walking Left' 'Walking Right' 'Walking Upstairs']"
0.949020931802836,0.9453060884529123,0.8439716312056738,705,0.75,-180,BvSB,12,"['Elevator Down' 'Elevator Up' 'Jumping Up' 'Running Forward' 'Sitting'
 'Sleeping' 'Standing' 'Walking Downstairs' 'Walking Forward'
 'Walking Left' 'Walking Right' 'Walking Upstairs']"
0.949020931802836,0.9453060884529123,0.8439716312056738,705,0.75,-180,BvSB,12,"['Elevator Down' 'Elevator Up' 'Jumping Up' 'Running Forward' 'Sitting'
 'Sleeping' 'Standing' 'Walking Downstairs' 'Walking Forward'
 'Walking Left' 'Walking Right' 'Walking Upstairs']"
0.9499492729117349,0.9462566397257658,0.8338028169014085,710,0.75,-180,BvSB,12,"['Elevator Down' 'Elevator Up' 'Jumping Up' 'Running Forward' 'Sitting'
 'Sleeping' 'Standing' 'Walking Downstairs' 'Walking Forward'
 'Walking Left' 'Walking Right' 'Walking Upstairs']"
0.9499492729117349,0.9462566397257658,0.8338028169014085,710,0.75,-180,BvSB,12,"['Elevator Down' 'Elevator Up' 'Jumping Up' 'Running Forward' 'Sitting'
 'Sleeping' 'Standing' 'Walking Downstairs' 'Walking Forward'
 'Walking Left' 'Walking Right' 'Walking Upstairs']"
0.9498644986449865,0.946243142279362,0.8335664335664336,715,0.75,-180,BvSB,12,"['Elevator Down' 'Elevator Up' 'Jumping Up' 'Running Forward' 'Sitting'
 'Sleeping' 'Standing' 'Walking Downstairs' 'Walking Forward'
 'Walking Left' 'Walking Right' 'Walking Upstairs']"
0.9498644986449865,0.946243142279362,0.8335664335664336,715,0.75,-180,BvSB,12,"['Elevator Down' 'Elevator Up' 'Jumping Up' 'Running Forward' 'Sitting'
 'Sleeping' 'Standing' 'Walking Downstairs' 'Walking Forward'
 'Walking Left' 'Walking Right' 'Walking Upstairs']"
0.9497794367153037,0.9457472671103426,0.8402777777777778,720,0.75,-180,BvSB,12,"['Elevator Down' 'Elevator Up' 'Jumping Up' 'Running Forward' 'Sitting'
 'Sleeping' 'Standing' 'Walking Downstairs' 'Walking Forward'
 'Walking Left' 'Walking Right' 'Walking Upstairs']"
0.9497794367153037,0.9457472671103426,0.8402777777777778,720,0.75,-180,BvSB,12,"['Elevator Down' 'Elevator Up' 'Jumping Up' 'Running Forward' 'Sitting'
 'Sleeping' 'Standing' 'Walking Downstairs' 'Walking Forward'
 'Walking Left' 'Walking Right' 'Walking Upstairs']"
0.9510537049626104,0.9463220832993156,0.8386206896551724,725,0.75,-180,BvSB,12,"['Elevator Down' 'Elevator Up' 'Jumping Up' 'Running Forward' 'Sitting'
 'Sleeping' 'Standing' 'Walking Downstairs' 'Walking Forward'
 'Walking Left' 'Walking Right' 'Walking Upstairs']"
0.9510537049626104,0.9463220832993156,0.8386206896551724,725,0.75,-180,BvSB,12,"['Elevator Down' 'Elevator Up' 'Jumping Up' 'Running Forward' 'Sitting'
 'Sleeping' 'Standing' 'Walking Downstairs' 'Walking Forward'
 'Walking Left' 'Walking Right' 'Walking Upstairs']"
0.95097037793667,0.9455734623577534,0.836986301369863,730,0.75,-180,BvSB,12,"['Elevator Down' 'Elevator Up' 'Jumping Up' 'Running Forward' 'Sitting'
 'Sleeping' 'Standing' 'Walking Downstairs' 'Walking Forward'
 'Walking Left' 'Walking Right' 'Walking Upstairs']"
0.95097037793667,0.9455734623577534,0.836986301369863,730,0.75,-180,BvSB,12,"['Elevator Down' 'Elevator Up' 'Jumping Up' 'Running Forward' 'Sitting'
 'Sleeping' 'Standing' 'Walking Downstairs' 'Walking Forward'
 'Walking Left' 'Walking Right' 'Walking Upstairs']"
0.9542974079126876,0.9484804777228186,0.8340136054421768,735,0.75,-180,BvSB,12,"['Elevator Down' 'Elevator Up' 'Jumping Up' 'Running Forward' 'Sitting'
 'Sleeping' 'Standing' 'Walking Downstairs' 'Walking Forward'
 'Walking Left' 'Walking Right' 'Walking Upstairs']"
0.9542974079126876,0.9484804777228186,0.8340136054421768,735,0.75,-180,BvSB,12,"['Elevator Down' 'Elevator Up' 'Jumping Up' 'Running Forward' 'Sitting'
 'Sleeping' 'Standing' 'Walking Downstairs' 'Walking Forward'
 'Walking Left' 'Walking Right' 'Walking Upstairs']"
0.953877690468056,0.947552049450909,0.8297297297297297,740,0.75,-180,BvSB,12,"['Elevator Down' 'Elevator Up' 'Jumping Up' 'Running Forward' 'Sitting'
 'Sleeping' 'Standing' 'Walking Downstairs' 'Walking Forward'
 'Walking Left' 'Walking Right' 'Walking Upstairs']"
0.953877690468056,0.947552049450909,0.8297297297297297,740,0.75,-180,BvSB,12,"['Elevator Down' 'Elevator Up' 'Jumping Up' 'Running Forward' 'Sitting'
 'Sleeping' 'Standing' 'Walking Downstairs' 'Walking Forward'
 'Walking Left' 'Walking Right' 'Walking Upstairs']"
0.9544832306639288,0.9482594604502881,0.836241610738255,745,0.75,-180,BvSB,12,"['Elevator Down' 'Elevator Up' 'Jumping Up' 'Running Forward' 'Sitting'
 'Sleeping' 'Standing' 'Walking Downstairs' 'Walking Forward'
 'Walking Left' 'Walking Right' 'Walking Upstairs']"
0.9544832306639288,0.9482594604502881,0.836241610738255,745,0.75,-180,BvSB,12,"['Elevator Down' 'Elevator Up' 'Jumping Up' 'Running Forward' 'Sitting'
 'Sleeping' 'Standing' 'Walking Downstairs' 'Walking Forward'
 'Walking Left' 'Walking Right' 'Walking Upstairs']"
0.9568049365786767,0.9518474569145249,0.8333333333333334,750,0.75,-180,BvSB,12,"['Elevator Down' 'Elevator Up' 'Jumping Up' 'Running Forward' 'Sitting'
 'Sleeping' 'Standing' 'Walking Downstairs' 'Walking Forward'
 'Walking Left' 'Walking Right' 'Walking Upstairs']"
0.9568049365786767,0.9518474569145249,0.8333333333333334,750,0.75,-180,BvSB,12,"['Elevator Down' 'Elevator Up' 'Jumping Up' 'Running Forward' 'Sitting'
 'Sleeping' 'Standing' 'Walking Downstairs' 'Walking Forward'
 'Walking Left' 'Walking Right' 'Walking Upstairs']"
0.9581043956043956,0.9523320135945867,0.833112582781457,755,0.75,-180,BvSB,12,"['Elevator Down' 'Elevator Up' 'Jumping Up' 'Running Forward' 'Sitting'
 'Sleeping' 'Standing' 'Walking Downstairs' 'Walking Forward'
 'Walking Left' 'Walking Right' 'Walking Upstairs']"
0.9581043956043956,0.9523320135945867,0.833112582781457,755,0.75,-180,BvSB,12,"['Elevator Down' 'Elevator Up' 'Jumping Up' 'Running Forward' 'Sitting'
 'Sleeping' 'Standing' 'Walking Downstairs' 'Walking Forward'
 'Walking Left' 'Walking Right' 'Walking Upstairs']"
0.9587203302373581,0.9531206077509714,0.8394736842105263,760,0.75,-180,BvSB,12,"['Elevator Down' 'Elevator Up' 'Jumping Up' 'Running Forward' 'Sitting'
 'Sleeping' 'Standing' 'Walking Downstairs' 'Walking Forward'
 'Walking Left' 'Walking Right' 'Walking Upstairs']"
0.9587203302373581,0.9531206077509714,0.8394736842105263,760,0.75,-180,BvSB,12,"['Elevator Down' 'Elevator Up' 'Jumping Up' 'Running Forward' 'Sitting'
 'Sleeping' 'Standing' 'Walking Downstairs' 'Walking Forward'
 'Walking Left' 'Walking Right' 'Walking Upstairs']"
0.9593383873190903,0.9544065098979841,0.8222222222222222,765,0.75,-180,BvSB,12,"['Elevator Down' 'Elevator Up' 'Jumping Up' 'Running Forward' 'Sitting'
 'Sleeping' 'Standing' 'Walking Downstairs' 'Walking Forward'
 'Walking Left' 'Walking Right' 'Walking Upstairs']"
0.9593383873190903,0.9544065098979841,0.8222222222222222,765,0.75,-180,BvSB,12,"['Elevator Down' 'Elevator Up' 'Jumping Up' 'Running Forward' 'Sitting'
 'Sleeping' 'Standing' 'Walking Downstairs' 'Walking Forward'
 'Walking Left' 'Walking Right' 'Walking Upstairs']"
0.9606489471867449,0.9551256465979286,0.8311688311688312,770,0.75,-180,BvSB,12,"['Elevator Down' 'Elevator Up' 'Jumping Up' 'Running Forward' 'Sitting'
 'Sleeping' 'Standing' 'Walking Downstairs' 'Walking Forward'
 'Walking Left' 'Walking Right' 'Walking Upstairs']"
0.9606489471867449,0.9551256465979286,0.8311688311688312,770,0.75,-180,BvSB,12,"['Elevator Down' 'Elevator Up' 'Jumping Up' 'Running Forward' 'Sitting'
 'Sleeping' 'Standing' 'Walking Downstairs' 'Walking Forward'
 'Walking Left' 'Walking Right' 'Walking Upstairs']"
0.9612724757952974,0.9557500735436951,0.8335483870967741,775,0.75,-180,BvSB,12,"['Elevator Down' 'Elevator Up' 'Jumping Up' 'Running Forward' 'Sitting'
 'Sleeping' 'Standing' 'Walking Downstairs' 'Walking Forward'
 'Walking Left' 'Walking Right' 'Walking Upstairs']"
0.9612724757952974,0.9557500735436951,0.8335483870967741,775,0.75,-180,BvSB,12,"['Elevator Down' 'Elevator Up' 'Jumping Up' 'Running Forward' 'Sitting'
 'Sleeping' 'Standing' 'Walking Downstairs' 'Walking Forward'
 'Walking Left' 'Walking Right' 'Walking Upstairs']"
0.9615517838586768,0.9561726706818435,0.8371794871794872,780,0.75,-180,BvSB,12,"['Elevator Down' 'Elevator Up' 'Jumping Up' 'Running Forward' 'Sitting'
 'Sleeping' 'Standing' 'Walking Downstairs' 'Walking Forward'
 'Walking Left' 'Walking Right' 'Walking Upstairs']"
0.9615517838586768,0.9561726706818435,0.8371794871794872,780,0.75,-180,BvSB,12,"['Elevator Down' 'Elevator Up' 'Jumping Up' 'Running Forward' 'Sitting'
 'Sleeping' 'Standing' 'Walking Downstairs' 'Walking Forward'
 'Walking Left' 'Walking Right' 'Walking Upstairs']"
0.9618320610687023,0.9558184909060274,0.8331210191082803,785,0.75,-180,BvSB,12,"['Elevator Down' 'Elevator Up' 'Jumping Up' 'Running Forward' 'Sitting'
 'Sleeping' 'Standing' 'Walking Downstairs' 'Walking Forward'
 'Walking Left' 'Walking Right' 'Walking Upstairs']"
0.9618320610687023,0.9558184909060274,0.8331210191082803,785,0.75,-180,BvSB,12,"['Elevator Down' 'Elevator Up' 'Jumping Up' 'Running Forward' 'Sitting'
 'Sleeping' 'Standing' 'Walking Downstairs' 'Walking Forward'
 'Walking Left' 'Walking Right' 'Walking Upstairs']"
0.9617657281890859,0.9555199555776457,0.8291139240506329,790,0.75,-180,BvSB,12,"['Elevator Down' 'Elevator Up' 'Jumping Up' 'Running Forward' 'Sitting'
 'Sleeping' 'Standing' 'Walking Downstairs' 'Walking Forward'
 'Walking Left' 'Walking Right' 'Walking Upstairs']"
0.9617657281890859,0.9555199555776457,0.8291139240506329,790,0.75,-180,BvSB,12,"['Elevator Down' 'Elevator Up' 'Jumping Up' 'Running Forward' 'Sitting'
 'Sleeping' 'Standing' 'Walking Downstairs' 'Walking Forward'
 'Walking Left' 'Walking Right' 'Walking Upstairs']"
0.963091922005571,0.9575532974907727,0.8251572327044026,795,0.75,-180,BvSB,12,"['Elevator Down' 'Elevator Up' 'Jumping Up' 'Running Forward' 'Sitting'
 'Sleeping' 'Standing' 'Walking Downstairs' 'Walking Forward'
 'Walking Left' 'Walking Right' 'Walking Upstairs']"
0.963091922005571,0.9575532974907727,0.8251572327044026,795,0.75,-180,BvSB,12,"['Elevator Down' 'Elevator Up' 'Jumping Up' 'Running Forward' 'Sitting'
 'Sleeping' 'Standing' 'Walking Downstairs' 'Walking Forward'
 'Walking Left' 'Walking Right' 'Walking Upstairs']"
0.9633763515870247,0.9575539317852622,0.82125,800,0.75,-180,BvSB,12,"['Elevator Down' 'Elevator Up' 'Jumping Up' 'Running Forward' 'Sitting'
 'Sleeping' 'Standing' 'Walking Downstairs' 'Walking Forward'
 'Walking Left' 'Walking Right' 'Walking Upstairs']"
0.9633763515870247,0.9575539317852622,0.82125,800,0.75,-180,BvSB,12,"['Elevator Down' 'Elevator Up' 'Jumping Up' 'Running Forward' 'Sitting'
 'Sleeping' 'Standing' 'Walking Downstairs' 'Walking Forward'
 'Walking Left' 'Walking Right' 'Walking Upstairs']"
